region,mode,StockBEV__F2010,StockBEV__F2011,StockBEV__F2012,StockBEV__F2013,StockBEV__F2014,StockBEV__F2015,StockBEV__F2016,StockBEV__F2017,StockBEV__F2018,StockBEV__F2019,StockBEV__F2020,StockBEV__F2021,StockBEV__F2022,StockBEV__F2023,StockFCEV__F2010,StockFCEV__F2011,StockFCEV__F2012,StockFCEV__F2013,StockFCEV__F2014,StockFCEV__F2015,StockFCEV__F2016,StockFCEV__F2017,StockFCEV__F2018,StockFCEV__F2019,StockFCEV__F2020,StockFCEV__F2021,StockFCEV__F2022,StockFCEV__F2023,StockPHEV__F2010,StockPHEV__F2011,StockPHEV__F2012,StockPHEV__F2013,StockPHEV__F2014,StockPHEV__F2015,StockPHEV__F2016,StockPHEV__F2017,StockPHEV__F2018,StockPHEV__F2019,StockPHEV__F2020,StockPHEV__F2021,StockPHEV__F2022,StockPHEV__F2023,SalesBEV__F2010,SalesBEV__F2011,SalesBEV__F2012,SalesBEV__F2013,SalesBEV__F2014,SalesBEV__F2015,SalesBEV__F2016,SalesBEV__F2017,SalesBEV__F2018,SalesBEV__F2019,SalesBEV__F2020,SalesBEV__F2021,SalesBEV__F2022,SalesBEV__F2023,SalesFCEV__F2010,SalesFCEV__F2011,SalesFCEV__F2012,SalesFCEV__F2013,SalesFCEV__F2014,SalesFCEV__F2015,SalesFCEV__F2016,SalesFCEV__F2017,SalesFCEV__F2018,SalesFCEV__F2019,SalesFCEV__F2020,SalesFCEV__F2021,SalesFCEV__F2022,SalesFCEV__F2023,SalesPHEV__F2010,SalesPHEV__F2011,SalesPHEV__F2012,SalesPHEV__F2013,SalesPHEV__F2014,SalesPHEV__F2015,SalesPHEV__F2016,SalesPHEV__F2017,SalesPHEV__F2018,SalesPHEV__F2019,SalesPHEV__F2020,SalesPHEV__F2021,SalesPHEV__F2022,SalesPHEV__F2023,SalesShare__F2010,SalesShare__F2011,SalesShare__F2012,SalesShare__F2013,SalesShare__F2014,SalesShare__F2015,SalesShare__F2016,SalesShare__F2017,SalesShare__F2018,SalesShare__F2019,SalesShare__F2020,SalesShare__F2021,SalesShare__F2022,SalesShare__F2023,StockShare__F2010,StockShare__F2011,StockShare__F2012,StockShare__F2013,StockShare__F2014,StockShare__F2015,StockShare__F2016,StockShare__F2017,StockShare__F2018,StockShare__F2019,StockShare__F2020,StockShare__F2021,StockShare__F2022,StockShare__F2023,ChargingStations__F2010,ChargingStations__F2011,ChargingStations__F2012,ChargingStations__F2013,ChargingStations__F2014,ChargingStations__F2015,ChargingStations__F2016,ChargingStations__F2017,ChargingStations__F2018,ChargingStations__F2019,ChargingStations__F2020,ChargingStations__F2021,ChargingStations__F2022,ChargingStations__F2023,StockBEV,StockFCEV,StockPHEV,SalesBEV,SalesFCEV,SalesPHEV,SalesShare,StockShare,ChargingStations,id,label
Australia,Cars,,49.0,220.0,410.0,780.0,1500.0,2200.0,3400.0,5200.0,12000.0,17000.0,34000.0,67000.0,150000.0,,,,,,,,,,,,44.0,100.0,65.0,,,80.0,180.0,1100.0,2100.0,2800.0,3900.0,5700.0,8600.0,10000.0,14000.0,21000.0,31000.0,,49.0,170.0,190.0,370.0,760.0,670.0,1200.0,1800.0,6300.0,5200.0,17000.0,33000.0,87000.0,,,,,,,,,,,,44.0,15.0,6.0,,,80.0,100.0,950.0,1000.0,700.0,1100.0,1800.0,2900.0,1700.0,3400.0,5900.0,11000.0,,0.00650000013411,0.029999999329448,0.034000001847744,0.159999996423721,0.200000002980232,0.150000005960464,0.259999990463257,0.419999986886978,1.20000004768372,1.10000002384186,2.79999995231628,5.09999990463257,12.0,,0.000390000001062,0.002400000113994,0.004600000102073,0.014000000432134,0.027000000700355,0.037000000476837,0.052000001072884,0.076999999582768,0.140000000596046,0.180000007152557,0.319999992847443,0.589999973773956,1.20000004768372,,,,,,,,480.0,731.0,1700.0,2300.0,2320.0,2570.0,2760.0,150000.0,65.0,31000.0,87000.0,6.0,11000.0,12.0,1.20000004768372,2760.0,Australia|Cars,Australia • Cars
Austria,Cars,350.0,990.0,1400.0,2100.0,3400.0,5000.0,9100.0,15000.0,21000.0,30000.0,45000.0,77000.0,110000.0,160000.0,,,,,3.0,6.0,13.0,19.0,24.0,41.0,45.0,55.0,62.0,89.0,,,140.0,410.0,780.0,1500.0,2300.0,3900.0,5700.0,8000.0,15000.0,29000.0,42000.0,61000.0,,,,650.0,1700.0,1700.0,3800.0,5400.0,6800.0,9300.0,16000.0,33000.0,34000.0,48000.0,,,,,6.0,4.0,,2.0,7.0,19.0,14.0,14.0,14.0,9.0,,,,,,1100.0,1200.0,1700.0,2300.0,2200.0,7600.0,15000.0,13000.0,17000.0,,,,0.200000002980232,0.569999992847443,0.899999976158142,1.5,2.0,2.59999990463257,3.5,9.5,20.0,22.0,26.0,0.00789999961853,0.021999999880791,0.032999999821186,0.052999999374151,0.089000001549721,0.140000000596046,0.239999994635582,0.379999995231628,0.529999971389771,0.75,1.20000004768372,2.09999990463257,3.0,4.40000009536743,,0.200000002980232,0.200000002980232,0.200000002980232,0.200000002980232,0.200000002980232,0.200000002980232,0.200000002980232,0.200000002980232,0.200000002980232,0.200000002980232,10500.0,15600.0,17500.0,160000.0,89.0,61000.0,48000.0,9.0,17000.0,26.0,4.40000009536743,17500.0,Austria|Cars,Austria • Cars
Belgium,Buses,3.0,3.0,3.0,3.0,7.0,7.0,7.0,10.0,21.0,59.0,75.0,100.0,150.0,670.0,,,,,,,,,,1.0,2.0,3.0,6.0,,,,,,32.0,80.0,110.0,130.0,140.0,160.0,200.0,220.0,180.0,220.0,,,,,3.0,,,,14.0,37.0,12.0,220.0,42.0,340.0,,,,,,,,,,,,,,,,,,,,,,2.0,,11.0,43.0,22.0,25.0,110.0,,,,,0.259999990463257,,,0.230000004172325,1.39999997615814,3.70000004768372,7.0,26.0,11.0,62.0,0.018999999389052,0.018999999389052,0.018999999389052,0.018999999389052,0.239999994635582,0.529999971389771,0.75,0.910000026226044,1.10000002384186,1.39999997615814,1.79999995231628,2.09999990463257,2.20000004768372,6.0,,,,377.0,615.0,1377.0,1610.0,1720.0,2940.0,6460.0,8480.0,12790.0,24100.0,44000.0,670.0,0.0,220.0,340.0,0.0,110.0,62.0,6.0,44000.0,Belgium|Buses,Belgium • Buses
Belgium,Vans,62.0,79.0,330.0,430.0,520.0,570.0,690.0,780.0,1000.0,1400.0,1800.0,2400.0,4100.0,7500.0,,,,,,,,,,,,1.0,1.0,,,,,,,,1.0,4.0,7.0,13.0,50.0,110.0,240.0,190.0,7.0,25.0,260.0,110.0,99.0,68.0,140.0,130.0,260.0,400.0,470.0,640.0,1800.0,3100.0,,,,,,,,,,,,,,,,,,,,,,1.0,2.0,,26.0,39.0,98.0,24.0,0.013000000268221,0.039000000804663,0.46000000834465,0.189999997615814,0.180000007152557,0.109999999403954,0.209999993443489,0.170000001788139,0.340000003576279,0.490000009536743,0.699999988079071,0.879999995231628,3.40000009536743,4.59999990463257,0.010999999940395,0.013000000268221,0.052999999374151,0.06700000166893,0.079000003635883,0.08500000089407,0.097000002861023,0.109999999403954,0.129999995231628,0.170000001788139,0.219999998807907,0.300000011920929,0.509999990463257,0.889999985694885,,,,377.0,615.0,1377.0,1610.0,1720.0,2940.0,6460.0,8480.0,12790.0,24100.0,44000.0,7500.0,0.0,190.0,3100.0,0.0,24.0,4.59999990463257,0.889999985694885,44000.0,Belgium|Vans,Belgium • Vans
Belgium,Cars,61.0,320.0,830.0,1200.0,2200.0,3300.0,5200.0,7500.0,11000.0,19000.0,32000.0,52000.0,90000.0,190000.0,1.0,1.0,1.0,1.0,2.0,8.0,20.0,31.0,44.0,41.0,64.0,85.0,80.0,99.0,9.0,26.0,350.0,590.0,1500.0,3800.0,11000.0,23000.0,33000.0,41000.0,73000.0,120000.0,180000.0,280000.0,48.0,280.0,570.0,500.0,1300.0,1400.0,2100.0,2700.0,3600.0,8800.0,15000.0,23000.0,38000.0,93000.0,,,,,,2.0,7.0,11.0,13.0,12.0,4.0,21.0,20.0,9.0,8.0,16.0,340.0,60.0,650.0,2500.0,7100.0,12000.0,9600.0,8900.0,32000.0,48000.0,59000.0,100000.0,0.009999999776483,0.052000001072884,0.189999997615814,0.119999997317791,0.409999996423721,0.769999980926514,1.70000004768372,2.59999990463257,2.40000009536743,3.20000004768372,11.0,18.0,26.0,41.0,0.001300000003539,0.00650000013411,0.021999999880791,0.032999999821186,0.06700000166893,0.129999995231628,0.280000001192093,0.529999971389771,0.740000009536743,1.0,1.79999995231628,2.90000009536743,4.59999990463257,8.19999980926514,,,,377.0,615.0,1377.0,1610.0,1720.0,2940.0,6460.0,8480.0,12790.0,24100.0,44000.0,190000.0,99.0,280000.0,93000.0,9.0,100000.0,41.0,8.19999980926514,44000.0,Belgium|Cars,Belgium • Cars
Belgium,Trucks,2.0,6.0,7.0,7.0,11.0,12.0,13.0,14.0,17.0,17.0,19.0,21.0,37.0,210.0,,,,,,,,,,,,,,,,,,,,,,,,,,,,8.0,,1.0,,,1.0,,1.0,,1.0,,6.0,5.0,31.0,160.0,,,,,,,,,,,,,,,,,,,,,,,,,,,,8.0,,0.009800000116229,,,0.013000000268221,,0.009999999776483,,0.008799999952316,,0.079000003635883,0.059999998658896,0.360000014305115,1.70000004768372,0.001300000003539,0.00400000018999,0.004800000227988,0.004800000227988,0.00760000012815,0.008399999700487,0.009100000374019,0.009700000286102,0.012000000104308,0.012000000104308,0.013000000268221,0.016000000759959,0.028000000864267,0.170000001788139,,,,377.0,615.0,1377.0,1610.0,1720.0,2940.0,6460.0,8480.0,12790.0,24100.0,44000.0,210.0,0.0,8.0,160.0,0.0,8.0,1.70000004768372,0.170000001788139,44000.0,Belgium|Trucks,Belgium • Trucks
Brazil,Cars,,,,,61.0,120.0,250.0,320.0,350.0,890.0,1600.0,4400.0,13000.0,33000.0,,,,,,,,,,,,1.0,3.0,3.0,,,,,,28.0,75.0,360.0,700.0,2100.0,3800.0,15000.0,26000.0,59000.0,10.0,8.0,22.0,39.0,61.0,61.0,130.0,140.0,180.0,540.0,800.0,2900.0,8500.0,19000.0,,,,,,,,,,,,1.0,2.0,,,,18.0,33.0,,28.0,47.0,290.0,230.0,1400.0,1800.0,11000.0,10000.0,33000.0,0.00034999998752,0.000280000007479,0.001300000003539,0.002400000113994,0.002199999988079,0.004199999850243,0.010999999940395,0.023000000044704,0.019999999552965,0.086000002920628,0.159999996423721,0.899999976158142,1.20000004768372,3.0,,,,,0.000159999995958,0.000380000012228,0.00079999997979,0.001700000022538,0.002499999944121,0.007000000216067,0.013000000268221,0.046000000089407,0.089000001549721,0.209999993443489,,,,,,,,,30.90000009536743,224.90000009536743,404.90000009536743,804.9000000953674,3004.9000000953674,3804.9000000953674,33000.0,3.0,59000.0,19000.0,0.0,33000.0,3.0,0.209999993443489,3804.9000000953674,Brazil|Cars,Brazil • Cars
Brazil,Buses,,,,,,5.0,5.0,8.0,30.0,99.0,95.0,360.0,950.0,1200.0,,,,,,,,,,,1.0,1.0,2.0,3.0,,,,,,,,,,,,,,,,,,5.0,,,,3.0,18.0,32.0,37.0,240.0,610.0,200.0,,,,,,,,,,,1.0,,2.0,,,,,,,,,,,,,,,,,,,0.00760000012815,,,,0.009800000116229,0.050000000745058,0.068999998271465,0.109999999403954,0.730000019073486,1.70000004768372,0.5,,,,,,0.00079999997979,0.000820000015665,0.001300000003539,0.004999999888241,0.017000000923872,0.016000000759959,0.063000001013279,0.170000001788139,0.209999993443489,,,,,,,,,30.90000009536743,224.90000009536743,404.90000009536743,804.9000000953674,3004.9000000953674,3804.9000000953674,1200.0,3.0,0.0,200.0,0.0,0.0,0.5,0.209999993443489,3804.9000000953674,Brazil|Buses,Brazil • Buses
Brazil,Vans,,,,,,,,,4.0,15.0,27.0,170.0,1100.0,1500.0,,,,,,,,,,,,,,,,,,,,,,,,,,,,,,,,7.0,13.0,3.0,6.0,18.0,5.0,14.0,58.0,150.0,520.0,690.0,,,,,,,,,,,,,,,,,,,,,,,,,,,,,,,,0.001399999950081,0.002600000007078,0.00089999998454,0.002099999925122,0.006000000052154,0.001399999950081,0.003700000001118,0.01799999922514,0.035999998450279,0.129999995231628,0.159999996423721,,,,,,,,,7.5999996624887e-05,0.000280000007479,0.000479999987874,0.00289999996312,0.01799999922514,0.021999999880791,,,,,,,,,30.90000009536743,224.90000009536743,404.90000009536743,804.9000000953674,3004.9000000953674,3804.9000000953674,1500.0,0.0,0.0,690.0,0.0,0.0,0.159999996423721,0.021999999880791,3804.9000000953674,Brazil|Vans,Brazil • Vans
Brazil,Trucks,,,,,,,,,40.0,63.0,78.0,370.0,1100.0,1900.0,,,,,,,,,,,,,,,,,,,,,,,,,,,,,,,,,,,,,40.0,23.0,15.0,290.0,710.0,810.0,,,,,,,,,,,,,,,,,,,,,,,,,,,,,,,,,,,,,0.052999999374151,0.023000000044704,0.017000000923872,0.230000004172325,0.550000011920929,0.560000002384186,,,,,,,,,0.001900000032038,0.003000000026077,0.00359999993816,0.017000000923872,0.046999998390675,0.079000003635883,,,,,,,,,30.90000009536743,224.90000009536743,404.90000009536743,804.9000000953674,3004.9000000953674,3804.9000000953674,1900.0,0.0,0.0,810.0,0.0,0.0,0.560000002384186,0.079000003635883,3804.9000000953674,Brazil|Trucks,Brazil • Trucks
Bulgaria,Cars,,,,,,,,,,,,,,,,,,,,,,,,,,,,,,,,,,,,,,,,,,,,,,,,21.0,5.0,68.0,190.0,180.0,140.0,430.0,1000.0,1800.0,,,,,,,,,,,,,,,,,,,,,8.0,38.0,26.0,56.0,41.0,120.0,140.0,360.0,,,,,,0.090000003576279,0.050000000745058,0.340000003576279,0.639999985694885,0.670000016689301,,2.20000004768372,4.0,5.80000019073486,,,,,,,,,,,,,,,,,,,,,,,,,,,,,0.0,0.0,0.0,1800.0,0.0,360.0,5.80000019073486,0.0,0.0,Bulgaria|Cars,Bulgaria • Cars
Canada,Trucks,,2.0,5.0,13.0,19.0,28.0,28.0,28.0,35.0,35.0,4.80000019073486,22.0,780.0,2400.0,,,,,,,,,,,,,,8.0,,,,,,,,,,,,,,,1.0,2.0,3.0,8.0,6.0,9.0,,,7.0,,,20.0,830.0,2000.0,,,,,,,,,,,7.0,28.0,18.0,18.0,,,,,,,,,,,,,,,0.00109999999404,0.00179999996908,0.002700000070035,0.007400000002235,0.004900000058115,0.007499999832362,,,0.005599999800324,,,0.020999999716878,0.600000023841858,1.29999995231628,,0.000209999998333,0.000479999987874,0.001200000056997,0.001599999959581,0.002099999925122,0.002000000094995,0.001900000032038,0.002300000051036,0.002099999925122,0.000199999994948,0.000839999993332,0.032000001519919,0.100000001490116,,,722.0,1207.0,2355.0,3463.0,4040.0,5870.0,7940.0,8980.0,13300.0,15100.0,20900.0,26800.0,2400.0,8.0,0.0,2000.0,18.0,0.0,1.29999995231628,0.100000001490116,26800.0,Canada|Trucks,Canada • Trucks
Canada,Cars,,250.0,830.0,2400.0,5400.0,9900.0,15000.0,25000.0,45000.0,76000.0,130000.0,190000.0,280000.0,380000.0,5.0,5.0,5.0,5.0,5.0,5.0,5.0,5.0,5.0,96.0,130.0,250.0,300.0,320.0,,300.0,1600.0,3100.0,5300.0,7700.0,14000.0,22000.0,42000.0,60000.0,82000.0,110000.0,130000.0,170000.0,,220.0,620.0,1600.0,2800.0,4400.0,5200.0,8700.0,23000.0,32000.0,37000.0,59000.0,91000.0,130000.0,,,,,,,,,,79.0,16.0,130.0,19.0,13.0,,300.0,1300.0,1500.0,2300.0,2400.0,6400.0,8000.0,21000.0,19000.0,14000.0,28000.0,24000.0,41000.0,,0.041000001132488,0.140000000596046,0.219999998807907,0.349999994039536,0.449999988079071,0.759999990463257,1.0,2.79999995231628,3.40000009536743,4.19999980926514,6.40000009536743,9.5,13.0,,0.00289999996312,0.013000000268221,0.027000000700355,0.052999999374151,0.083999998867512,0.129999995231628,0.209999993443489,0.379999995231628,0.589999973773956,0.829999983310699,1.20000004768372,1.70000004768372,2.29999995231628,,,722.0,1207.0,2355.0,3463.0,4040.0,5870.0,7940.0,8980.0,13300.0,15100.0,20900.0,26800.0,380000.0,320.0,170000.0,130000.0,13.0,41000.0,13.0,2.29999995231628,26800.0,Canada|Cars,Canada • Cars
Canada,Vans,,,,,,1.0,1.0,1.0,1.0,1.0,,,,,,,,,,9.0,9.0,9.0,9.0,9.0,16.0,44.0,44.0,9.0,,,,,,5.0,5.0,5.0,5.0,5.0,,,,,,,,,,1.0,,,,,1600.0,2600.0,7000.0,9100.0,,,,,,9.0,,,,,,,,,,,,,,5.0,,,,,1400.0,2600.0,3100.0,4100.0,,,,,,0.002400000113994,,,,,1.39999997615814,1.79999995231628,5.09999990463257,5.5,,,,,,0.000209999998333,0.000199999994948,0.000190000006114,0.000180000002729,0.000169999999343,,,,,,,722.0,1207.0,2355.0,3463.0,4040.0,5870.0,7940.0,8980.0,13300.0,15100.0,20900.0,26800.0,0.0,9.0,0.0,9100.0,0.0,4100.0,5.5,0.0,26800.0,Canada|Vans,Canada • Vans
Canada,Buses,,,,,,,,,19.0,68.0,270.0,430.0,690.0,1600.0,,,,,,,,,,,,,,,,,,,,,,,,,,,,,,,,,,,5.0,11.0,19.0,49.0,63.0,250.0,190.0,790.0,,,,,,,,,,,,,,,,,,,,,,,,,,,,,,,,,,,0.119999997317791,0.25,0.439999997615814,1.20000004768372,2.29999995231628,6.0,6.09999990463257,23.0,,,,,,,,,0.028999999165535,0.100000001490116,0.370000004768372,0.600000023841858,0.97000002861023,2.40000009536743,,,722.0,1207.0,2355.0,3463.0,4040.0,5870.0,7940.0,8980.0,13300.0,15100.0,20900.0,26800.0,1600.0,0.0,0.0,790.0,0.0,0.0,23.0,2.40000009536743,26800.0,Canada|Buses,Canada • Buses
Chile,Cars,,6.0,11.0,16.0,19.0,32.0,54.0,170.0,280.0,440.0,550.0,820.0,1700.0,2100.0,,,,,,,,,,,,1.0,2.0,2.0,,,,,14.0,37.0,46.0,61.0,130.0,210.0,290.0,590.0,1200.0,1800.0,,6.0,5.0,5.0,3.0,10.0,18.0,120.0,100.0,160.0,110.0,270.0,880.0,410.0,,,,,,,,,,,,1.0,1.0,,,,,,14.0,23.0,9.0,15.0,68.0,140.0,79.0,300.0,620.0,510.0,,0.002400000113994,0.002000000094995,0.001900000032038,0.007100000046194,0.017000000923872,0.013000000268221,0.061000000685454,0.070000000298023,0.140000000596046,0.159999996423721,0.189999997615814,0.5,0.310000002384186,,0.000220000001718,0.000380000012228,0.000509999983478,0.001000000047497,0.002099999925122,0.00289999996312,0.00650000013411,0.010999999940395,0.017000000923872,0.021999999880791,0.035000000149012,0.068000003695488,0.086999997496605,,2.0,10.0,13.0,18.0,27.0,27.0,41.0,69.0,172.0,339.0,480.0,660.0,1070.0,2100.0,2.0,1800.0,410.0,0.0,510.0,0.310000002384186,0.086999997496605,1070.0,Chile|Cars,Chile • Cars
China,Cars,1600.0,6300.0,16000.0,31000.0,59000.0,210000.0,460000.0,930000.0,1700000.0,2600000.0,3500000.0,6200000.0,11000000.0,16000000.0,,,,,,,,,,,,19.0,240.0,760.0,340.0,660.0,920.0,1600.0,26000.0,87000.0,170000.0,280000.0,540000.0,770000.0,990000.0,1600000.0,3100000.0,5800000.0,1100.0,4800.0,9600.0,15000.0,49000.0,150000.0,260000.0,470000.0,820000.0,830000.0,920000.0,2700000.0,4400000.0,5400000.0,,,,,,,,,,,,19.0,240.0,520.0,340.0,320.0,260.0,730.0,24000.0,61000.0,79000.0,110000.0,270000.0,230000.0,220000.0,550000.0,1500000.0,2700000.0,0.009999999776483,0.034000001847744,0.072999998927116,0.094999998807907,0.400000005960465,1.0,1.5,2.40000009536743,4.69999980926514,5.0,5.69999980926514,16.0,29.0,38.0,0.003100000089034,0.009200000204146,0.018999999389052,0.030999999493361,0.070000000298023,0.209999993443489,0.389999985694885,0.660000026226044,1.10000002384186,1.5,1.89999997615814,3.09999990463257,5.09999990463257,7.59999990463257,,,,,30000.0,59000.0,141000.0,213000.0,270000.0,510000.0,810000.0,1150000.0,1760000.0,2700000.0,16000000.0,760.0,5800000.0,5400000.0,520.0,2700000.0,38.0,7.59999990463257,2700000.0,China|Cars,China • Cars
China,Vans,400.0,700.0,1200.0,1800.0,2500.0,15000.0,53000.0,120000.0,200000.0,250000.0,270000.0,330000.0,460000.0,680000.0,,,,,,,,,,,,3.0,810.0,2700.0,,,,,,17.0,17.0,17.0,17.0,44.0,77.0,230.0,1700.0,1700.0,120.0,150.0,670.0,750.0,480.0,15000.0,11000.0,68000.0,54000.0,27000.0,26000.0,71000.0,170000.0,240000.0,,,,,,,,,,,,3.0,810.0,1900.0,,,,,,,,,,27.0,1.0,160.0,1500.0,,0.009999999776483,0.016000000759959,0.072999998927116,0.07599999755621,0.045000001788139,1.39999997615814,0.879999995231628,4.90000009536743,3.5,1.60000002384186,1.39999997615814,4.09999990463257,11.0,12.0,0.005499999970198,0.008899999782443,0.014000000432134,0.019999999552965,0.025000000372529,0.140000000596046,0.469999998807907,0.97000002861023,1.5,1.70000004768372,1.70000004768372,2.0,2.59999990463257,3.59999990463257,,,,,30000.0,59000.0,141000.0,213000.0,270000.0,510000.0,810000.0,1150000.0,1760000.0,2700000.0,680000.0,2700.0,1700.0,240000.0,1900.0,0.0,12.0,3.59999990463257,2700000.0,China|Vans,China • Vans
China,Buses,1900.0,4100.0,5900.0,7600.0,22000.0,98000.0,190000.0,280000.0,360000.0,430000.0,480000.0,530000.0,570000.0,600000.0,,,,,,,1.0,340.0,1200.0,2300.0,3300.0,4200.0,5400.0,6600.0,,160.0,680.0,2400.0,8400.0,22000.0,29000.0,30000.0,31000.0,32000.0,34000.0,35000.0,36000.0,37000.0,970.0,440.0,1400.0,2000.0,4000.0,43000.0,76000.0,88000.0,83000.0,68000.0,55000.0,42000.0,44000.0,29000.0,,,,,,,,380.0,890.0,1100.0,1200.0,900.0,1300.0,1200.0,,160.0,510.0,1800.0,6000.0,13000.0,7600.0,240.0,1200.0,1300.0,1800.0,860.0,1100.0,1300.0,0.189999997615814,0.529999971389771,1.29999995231628,2.59999990463257,8.0,38.0,53.0,60.0,64.0,61.0,66.0,56.0,66.0,50.0,0.054999999701977,0.119999997317791,0.189999997615814,0.28999999165535,0.889999985694885,3.59999990463257,6.59999990463257,9.39999961853027,12.0,15.0,17.0,20.0,22.0,25.0,,,,,30000.0,59000.0,141000.0,213000.0,270000.0,510000.0,810000.0,1150000.0,1760000.0,2700000.0,600000.0,6600.0,37000.0,29000.0,1200.0,1300.0,50.0,25.0,2700000.0,China|Buses,China • Buses
China,Trucks,16.0,120.0,540.0,1400.0,1700.0,17000.0,64000.0,130000.0,170000.0,190000.0,210000.0,230000.0,260000.0,300000.0,,,,,,,,1.0,400.0,1800.0,3200.0,4300.0,7000.0,10000.0,,,,,,,,,,31.0,58.0,580.0,840.0,1200.0,,,,,,17000.0,46000.0,71000.0,36000.0,24000.0,17000.0,18000.0,34000.0,38000.0,,,,,,,,,400.0,2000.0,1300.0,1200.0,2700.0,3400.0,,,,,,,,,,31.0,27.0,520.0,260.0,320.0,,,,,,1.5,3.20000004768372,3.70000004768372,1.89999997615814,1.20000004768372,0.610000014305115,0.75,3.09999990463257,2.79999995231628,0.000110000000859,0.000769999984186,0.003199999919161,0.00760000012815,0.00870000012219,0.08500000089407,0.300000011920929,0.589999973773956,0.709999978542328,0.759999990463257,0.759999990463257,0.779999971389771,0.889999985694885,1.0,,,,,30000.0,59000.0,141000.0,213000.0,270000.0,510000.0,810000.0,1150000.0,1760000.0,2700000.0,300000.0,10000.0,1200.0,38000.0,3400.0,320.0,2.79999995231628,1.0,2700000.0,China|Trucks,China • Trucks
Colombia,Cars,,,,,,,,,,,,,,,,,,,,,,,,,,,,,,,,,,,,,,,,,,,,,,,,39.0,28.0,92.0,250.0,870.0,480.0,840.0,1900.0,3600.0,,,,,,,,,,,,,,,,,,,,3.0,25.0,56.0,320.0,450.0,470.0,1700.0,2400.0,2500.0,,,,,,0.017000000923872,0.023000000044704,0.06700000166893,0.239999994635582,0.550000011920929,0.569999992847443,1.20000004768372,2.0,3.90000009536743,,,,,,,,,,,,,,,,,,,,,,,,,,,,,0.0,0.0,0.0,3600.0,0.0,2500.0,3.90000009536743,0.0,0.0,Colombia|Cars,Colombia • Cars
Costa Rica,Cars,,,,,,140.0,160.0,180.0,380.0,840.0,1500.0,2500.0,4100.0,9000.0,,,,,,,,,,,,,,,,,,,,,,,,,,,,,,,,,,4.0,12.0,25.0,200.0,460.0,630.0,1000.0,1600.0,4900.0,,,,,,,,,,,,,,,,,,,,,,,,,,,,,,,,,,0.009600000455976,0.025000000372529,0.059999998658896,0.589999973773956,1.5,2.70000004768372,3.90000009536743,5.5,12.0,,,,,,,,,,,,,,,,,,,,,,,,,,,,,9000.0,0.0,0.0,4900.0,0.0,0.0,12.0,0.0,0.0,Costa Rica|Cars,Costa Rica • Cars
Croatia,Cars,,,,,,,,,,,,,,,,,,,,,,,,,,,,,,,,,,,,,,,,,,,,,,,,,,,,190.0,530.0,1400.0,1400.0,1600.0,,,,,,,,,,,,,,,,,,,,,,,,67.0,140.0,400.0,840.0,990.0,,,,,,,,,,0.409999996423721,1.89999997615814,3.79999995231628,5.0,4.59999990463257,,,,,,,,,,,,,,,,,,,,,,,,,,,,,0.0,0.0,0.0,1600.0,0.0,990.0,4.59999990463257,0.0,0.0,Croatia|Cars,Croatia • Cars
Cyprus,Cars,,,,,,,,,,,,,,,,,,,,,,,,,,,,,,,,,,,,,,,,,,,,,,,,,,,,23.0,42.0,84.0,400.0,790.0,,,,,,,,,,,,,,,,,,,,,,,,,83.0,98.0,230.0,510.0,,,,,,,,,,0.189999997615814,1.39999997615814,1.70000004768372,5.40000009536743,8.80000019073486,,,,,,,,,,,,,,,,,,,,,,,,,,,,,0.0,0.0,0.0,790.0,0.0,510.0,8.80000019073486,0.0,0.0,Cyprus|Cars,Cyprus • Cars
Czech Republic,Cars,,,,,,,,,,,,,,,,,,,,,,,,,,,,,,,,,,,,,,,,,,,,,,,,300.0,200.0,390.0,700.0,760.0,3300.0,2700.0,3900.0,6700.0,,,,,,,,,,,,,,,,,,,,,,,280.0,470.0,2000.0,3700.0,3600.0,5300.0,,,,,,0.129999995231628,0.079999998211861,0.140000000596046,0.379999995231628,0.490000009536743,2.5,3.09999990463257,3.90000009536743,5.40000009536743,,,,,,,,,,,,,,,,,,,,,,,,,,,,,0.0,0.0,0.0,6700.0,0.0,5300.0,5.40000009536743,0.0,0.0,Czech Republic|Cars,Czech Republic • Cars
Denmark,Cars,59.0,480.0,1200.0,1500.0,2900.0,7900.0,8700.0,8800.0,10000.0,16000.0,32000.0,67000.0,110000.0,200000.0,,,,,,37.0,68.0,83.0,88.0,100.0,150.0,230.0,230.0,230.0,20.0,20.0,14.0,14.0,100.0,570.0,1100.0,1800.0,5200.0,9900.0,30000.0,78000.0,100000.0,110000.0,,420.0,490.0,500.0,1600.0,4300.0,1300.0,710.0,1500.0,5500.0,14000.0,25000.0,31000.0,63000.0,,,,15.0,1.0,38.0,14.0,15.0,5.0,8.0,45.0,78.0,6.0,1.0,,2.0,12.0,10.0,90.0,420.0,570.0,620.0,3100.0,3900.0,18000.0,40000.0,26000.0,17000.0,,0.25,0.28999999165535,0.280000001192093,0.899999976158142,2.29999995231628,0.850000023841858,0.600000023841858,2.09999990463257,4.19999980926514,16.0,35.0,39.0,46.0,0.003700000001118,0.023000000044704,0.056000001728535,0.068000003695488,0.129999995231628,0.349999994039536,0.400000005960465,0.419999986886978,0.589999973773956,0.959999978542328,2.29999995231628,5.19999980926514,7.80000019073486,11.0,,,903.0,1046.0,1720.0,2370.0,4510.0,4570.0,4690.0,4950.0,5960.0,7240.0,9500.0,17000.0,200000.0,230.0,110000.0,63000.0,1.0,17000.0,46.0,11.0,17000.0,Denmark|Cars,Denmark • Cars
Denmark,Trucks,9.0,10.0,10.0,11.0,11.0,11.0,8.0,8.0,8.0,13.0,28.0,56.0,99.0,460.0,,,,,,,,,,,,,,3.0,,,,,,,,,,,,,,,4.0,,1.0,1.0,,,,1.0,3.0,3.0,28.0,50.0,100.0,320.0,,,,,,,,,,1.0,1.0,1.0,,,,,,,,,,,,,,,,,0.140000000596046,,0.027000000700355,0.016000000759959,,,,0.014000000432134,0.043000001460314,0.043999999761582,0.560000002384186,0.819999992847443,2.09999990463257,5.5,0.019999999552965,0.023000000044704,0.024000000208616,0.027000000700355,0.027000000700355,0.027000000700355,0.018999999389052,0.017000000923872,0.017000000923872,0.027000000700355,0.05799999833107,0.109999999403954,0.200000002980232,0.980000019073486,,,903.0,1046.0,1720.0,2370.0,4510.0,4570.0,4690.0,4950.0,5960.0,7240.0,9500.0,17000.0,460.0,3.0,0.0,320.0,0.0,0.0,5.5,0.980000019073486,17000.0,Denmark|Trucks,Denmark • Trucks
Denmark,Vans,6.0,29.0,220.0,310.0,350.0,590.0,620.0,510.0,670.0,900.0,1300.0,2600.0,4400.0,7300.0,,,,,,,,,,,1.0,3.0,2.0,2.0,,,9.0,12.0,14.0,100.0,180.0,200.0,230.0,260.0,430.0,780.0,1200.0,1500.0,6.0,23.0,130.0,100.0,47.0,260.0,57.0,70.0,220.0,270.0,620.0,1500.0,1900.0,2900.0,,,,,,,,,,,,2.0,,,,,8.0,2.0,2.0,85.0,81.0,24.0,31.0,34.0,160.0,320.0,370.0,370.0,0.037000000476837,0.097000002861023,0.560000002384186,0.439999997615814,0.170000001788139,1.10000002384186,0.379999995231628,0.259999990463257,0.75,0.910000026226044,2.5,5.69999980926514,8.69999980926514,13.0,0.001399999950081,0.006800000090152,0.054999999701977,0.079999998211861,0.092000000178814,0.170000001788139,0.200000002980232,0.180000007152557,0.230000004172325,0.310000002384186,0.469999998807907,0.920000016689301,1.5,2.40000009536743,,,903.0,1046.0,1720.0,2370.0,4510.0,4570.0,4690.0,4950.0,5960.0,7240.0,9500.0,17000.0,7300.0,2.0,1500.0,2900.0,0.0,370.0,13.0,2.40000009536743,17000.0,Denmark|Vans,Denmark • Vans
Denmark,Buses,,1.0,2.0,4.0,4.0,4.0,6.0,6.0,8.0,83.0,88.0,310.0,700.0,920.0,,,,,,,,,,,3.0,4.0,4.0,3.0,,,,,,,,,,24.0,23.0,24.0,26.0,17.0,,1.0,1.0,2.0,,,3.0,,2.0,100.0,6.0,220.0,400.0,200.0,,,,,,,,,,,3.0,,,,,,,,,,,,,17.0,,,,,,0.119999997317791,0.129999995231628,0.270000010728836,,,0.300000011920929,,0.150000005960464,7.69999980926514,2.90000009536743,18.0,34.0,19.0,,0.010999999940395,0.023000000044704,0.048000000417233,0.046999998390675,0.046999998390675,0.070000000298023,0.071000002324581,0.065999999642372,0.889999985694885,0.939999997615814,3.0,6.5,8.5,,,903.0,1046.0,1720.0,2370.0,4510.0,4570.0,4690.0,4950.0,5960.0,7240.0,9500.0,17000.0,920.0,3.0,17.0,200.0,0.0,0.0,19.0,8.5,17000.0,Denmark|Buses,Denmark • Buses
Estonia,Cars,,,,,,,,,,,,,,,,,,,,,,,,,,,,,,,,,,,,,,,,,,,,,,,,34.0,35.0,26.0,85.0,80.0,340.0,480.0,730.0,1400.0,,,,,,,,,,,,,,,,,,,,,,20.0,33.0,17.0,75.0,240.0,430.0,560.0,,,,,,0.159999996423721,0.150000005960464,0.180000007152557,0.46000000834465,0.360000014305115,1.79999995231628,3.20000004768372,5.40000009536743,8.80000019073486,,,,,,,,,,,,,,,,,,,,,,,,,,,,,0.0,0.0,0.0,1400.0,0.0,560.0,8.80000019073486,0.0,0.0,Estonia|Cars,Estonia • Cars
Finland,Cars,,56.0,110.0,170.0,360.0,610.0,840.0,1400.0,2400.0,4700.0,9700.0,23000.0,45000.0,84000.0,,,,,,,,,,1.0,1.0,1.0,2.0,2.0,,,130.0,300.0,570.0,970.0,2400.0,5700.0,13000.0,25000.0,46000.0,77000.0,100000.0,140000.0,,30.0,51.0,50.0,180.0,240.0,220.0,500.0,780.0,1900.0,4200.0,10000.0,15000.0,30000.0,,,,,,,,,,,,1.0,,,,,130.0,170.0,260.0,420.0,1200.0,2600.0,4900.0,6000.0,13000.0,20000.0,16000.0,18000.0,,0.025000000372529,0.170000001788139,0.209999993443489,0.409999996423721,0.600000023841858,1.20000004768372,2.59999990463257,4.69999980926514,6.90000009536743,18.0,31.0,38.0,54.0,,0.002000000094995,0.008600000292063,0.017000000923872,0.034000001847744,0.05799999833107,0.119999997317791,0.259999990463257,0.560000002384186,1.10000002384186,2.0,3.59999990463257,5.40000009536743,8.10000038146973,,,,267.0,386.0,840.0,850.0,850.0,930.0,2140.0,4310.0,6570.0,9000.0,12100.0,84000.0,2.0,140000.0,30000.0,0.0,18000.0,54.0,8.10000038146973,12100.0,Finland|Cars,Finland • Cars
Finland,Buses,,,,,,,13.0,22.0,21.0,62.0,87.0,270.0,550.0,640.0,,,,,,,,,,,,,,,,,,,,,13.0,22.0,21.0,62.0,,2.0,2.0,2.0,,,,,,,,2.0,1.0,40.0,25.0,190.0,280.0,110.0,,,,,,,,,,,,,,,,,,,,,,,,,,,,,,,,,,,,0.389999985694885,0.200000002980232,6.80000019073486,8.80000019073486,49.0,66.0,43.0,,,,,,,0.239999994635582,0.409999996423721,0.379999995231628,1.10000002384186,0.779999971389771,2.40000009536743,4.90000009536743,5.80000019073486,,,,267.0,386.0,840.0,850.0,850.0,930.0,2140.0,4310.0,6570.0,9000.0,12100.0,640.0,0.0,2.0,110.0,0.0,0.0,43.0,5.80000019073486,12100.0,Finland|Buses,Finland • Buses
Finland,Vans,,,,,,,,210.0,260.0,310.0,440.0,800.0,1600.0,3200.0,,,,,,,,,,,,,,,,,,,,,,,,39.0,110.0,180.0,260.0,290.0,,,,,,,,49.0,55.0,60.0,170.0,340.0,680.0,1600.0,,,,,,,,,,,,,,,,,,,,,,,,,39.0,38.0,27.0,14.0,,,,,,,,0.319999992847443,0.349999994039536,0.409999996423721,1.60000002384186,2.79999995231628,6.40000009536743,15.0,,,,,,,,0.06700000166893,0.081000000238419,0.109999999403954,0.170000001788139,0.300000011920929,0.569999992847443,1.10000002384186,,,,267.0,386.0,840.0,850.0,850.0,930.0,2140.0,4310.0,6570.0,9000.0,12100.0,3200.0,0.0,290.0,1600.0,0.0,14.0,15.0,1.10000002384186,12100.0,Finland|Vans,Finland • Vans
Finland,Trucks,,,,,,,,,,2.0,7.0,9.0,25.0,110.0,,,,,,,,,,,,,,,,,,,,,,,,,,,,,,,,,,,,2.0,,2.0,5.0,3.0,19.0,76.0,,,,,,,,,,,,,,,,,,,,,,,,,,,,,,,,,,,,0.050000000745058,,0.043000001460314,0.129999995231628,0.07599999755621,0.569999992847443,1.89999997615814,,,,,,,,,,0.002300000051036,0.008100000210106,0.009999999776483,0.028999999165535,0.119999997317791,,,,267.0,386.0,840.0,850.0,850.0,930.0,2140.0,4310.0,6570.0,9000.0,12100.0,110.0,0.0,0.0,76.0,0.0,0.0,1.89999997615814,0.119999997317791,12100.0,Finland|Trucks,Finland • Trucks
France,Buses,44.0,64.0,92.0,120.0,150.0,190.0,250.0,300.0,340.0,570.0,690.0,1300.0,1700.0,2100.0,,,,,,,,,,,3.0,4.0,1.0,23.0,,,,,,,1.0,1.0,1.0,1.0,,70.0,70.0,3.0,16.0,21.0,25.0,24.0,40.0,51.0,74.0,17.0,95.0,280.0,180.0,620.0,800.0,740.0,,,,,,,,,,,,1.0,,22.0,,,,,,,1.0,,,,,,2.0,,0.28999999165535,0.330000013113022,0.430000007152557,0.370000004768372,0.699999988079071,0.699999988079071,1.20000004768372,0.270000010728836,1.60000002384186,4.19999980926514,2.90000009536743,9.19999980926514,14.0,13.0,0.048000000417233,0.068999998271465,0.098999999463558,0.119999997317791,0.159999996423721,0.189999997615814,0.25,0.300000011920929,0.389999985694885,0.649999976158142,0.779999971389771,1.5,1.89999997615814,2.29999995231628,,,809.0,1800.0,1810.0,10480.0,20000.0,21000.0,24700.0,30000.0,34300.0,54500.0,83700.0,118000.0,2100.0,23.0,3.0,740.0,22.0,0.0,13.0,2.29999995231628,118000.0,France|Buses,France • Buses
France,Trucks,62.0,65.0,64.0,69.0,72.0,58.0,58.0,67.0,83.0,78.0,70.0,79.0,440.0,3700.0,,,,,,,,,,,,,,1.0,,,,,,,,10.0,20.0,10.0,10.0,,,10.0,21.0,8.0,6.0,7.0,12.0,1.0,6.0,16.0,26.0,21.0,15.0,29.0,380.0,3200.0,,,,,,,,,,,,,,1.0,,,,,,,,,,,,10.0,,,0.061999998986721,0.017000000923872,0.014000000432134,0.016000000759959,0.032999999821186,0.002400000113994,0.013000000268221,0.032000001519919,0.048000000417233,0.037999998778105,0.035000000149012,0.086000002920628,0.850000023841858,6.19999980926514,0.014000000432134,0.012000000104308,0.012000000104308,0.013000000268221,0.013000000268221,0.009999999776483,0.009899999946356,0.013000000268221,0.017000000923872,0.014999999664724,0.013000000268221,0.013000000268221,0.072999998927116,0.600000023841858,,,809.0,1800.0,1810.0,10480.0,20000.0,21000.0,24700.0,30000.0,34300.0,54500.0,83700.0,118000.0,3700.0,1.0,10.0,3200.0,1.0,0.0,6.19999980926514,0.600000023841858,118000.0,France|Trucks,France • Trucks
France,Vans,1500.0,3200.0,6800.0,12000.0,16000.0,21000.0,27000.0,33000.0,41000.0,49000.0,58000.0,69000.0,74000.0,81000.0,,,1.0,1.0,2.0,55.0,150.0,180.0,270.0,270.0,270.0,290.0,270.0,290.0,210.0,260.0,300.0,360.0,430.0,630.0,1000.0,1600.0,2500.0,4200.0,4200.0,1500.0,990.0,1600.0,800.0,1700.0,3600.0,5100.0,4500.0,4900.0,5500.0,6000.0,8200.0,8100.0,9200.0,12000.0,16000.0,30000.0,,,,1.0,4.0,53.0,99.0,25.0,92.0,,,20.0,,,,,,,,10.0,,,,4.0,,800.0,520.0,220.0,0.189999997615814,0.389999985694885,0.959999978542328,1.5,1.29999995231628,1.60000002384186,1.89999997615814,1.89999997615814,2.40000009536743,2.29999995231628,3.0,3.0,4.90000009536743,7.59999990463257,0.035999998450279,0.059000000357628,0.119999997317791,0.209999993443489,0.280000001192093,0.370000004768372,0.46000000834465,0.560000002384186,0.699999988079071,0.889999985694885,1.0,1.10000002384186,1.20000004768372,1.29999995231628,,,809.0,1800.0,1810.0,10480.0,20000.0,21000.0,24700.0,30000.0,34300.0,54500.0,83700.0,118000.0,81000.0,290.0,1600.0,30000.0,0.0,220.0,7.59999990463257,1.29999995231628,118000.0,France|Vans,France • Vans
France,Cars,300.0,2900.0,8600.0,17000.0,28000.0,45000.0,67000.0,93000.0,120000.0,170000.0,280000.0,440000.0,620000.0,980000.0,,,,1.0,2.0,12.0,46.0,92.0,100.0,170.0,380.0,400.0,590.0,890.0,,96.0,700.0,1500.0,3600.0,9300.0,17000.0,54000.0,68000.0,85000.0,160000.0,300000.0,430000.0,590000.0,190.0,2600.0,5700.0,8900.0,11000.0,18000.0,23000.0,26000.0,33000.0,45000.0,110000.0,170000.0,210000.0,310000.0,,,,1.0,1.0,10.0,34.0,46.0,10.0,60.0,210.0,14.0,200.0,310.0,82.0,56.0,660.0,850.0,2100.0,5800.0,7600.0,12000.0,15000.0,19000.0,75000.0,140000.0,130000.0,160000.0,0.012000000104308,0.119999997317791,0.330000013113022,0.529999971389771,0.689999997615814,1.20000004768372,1.39999997615814,1.70000004768372,2.0,2.70000004768372,11.0,17.0,20.0,25.0,0.000929999980144,0.009300000034273,0.028000000864267,0.05799999833107,0.097000002861023,0.170000001788139,0.259999990463257,0.46000000834465,0.600000023841858,0.660000026226044,1.10000002384186,1.89999997615814,2.79999995231628,4.09999990463257,,,809.0,1800.0,1810.0,10480.0,20000.0,21000.0,24700.0,30000.0,34300.0,54500.0,83700.0,118000.0,980000.0,890.0,590000.0,310000.0,310.0,160000.0,25.0,4.09999990463257,118000.0,France|Cars,France • Cars
Germany,Vans,220.0,500.0,1400.0,2000.0,2800.0,3800.0,6200.0,11000.0,17000.0,22000.0,25000.0,41000.0,53000.0,89000.0,2.0,2.0,2.0,2.0,2.0,2.0,,,,,16.0,16.0,16.0,55.0,,,,2.0,2.0,4.0,4.0,4.0,4.0,4.0,190.0,500.0,770.0,1600.0,170.0,280.0,950.0,600.0,720.0,1000.0,2400.0,4500.0,6000.0,6700.0,8800.0,13000.0,18000.0,25000.0,2.0,,,,,,,,,,,5.0,,48.0,,,,2.0,,2.0,,,,,180.0,310.0,770.0,360.0,0.086999997496605,0.119999997317791,0.430000007152557,0.28999999165535,0.319999992847443,0.439999997615814,0.97000002861023,1.70000004768372,2.20000004768372,2.29999995231628,3.5,5.09999990463257,8.30000019073486,9.69999980926514,0.012000000104308,0.024000000208616,0.06700000166893,0.093000002205372,0.119999997317791,0.159999996423721,0.25,0.439999997615814,0.610000014305115,0.769999980926514,0.839999973773956,1.29999995231628,1.70000004768372,2.79999995231628,,,1518.0,2447.0,2720.0,5070.0,6430.0,10800.0,19500.0,29900.0,43200.0,59300.0,86000.0,108000.0,89000.0,55.0,1600.0,25000.0,48.0,360.0,9.69999980926514,2.79999995231628,108000.0,Germany|Vans,Germany • Vans
Germany,Cars,250.0,1600.0,3900.0,9200.0,18000.0,26000.0,34000.0,54000.0,83000.0,140000.0,310000.0,620000.0,1000000.0,1500000.0,19.0,57.0,86.0,110.0,120.0,180.0,180.0,260.0,370.0,540.0,740.0,1200.0,2100.0,2400.0,,240.0,1400.0,3000.0,7400.0,19000.0,32000.0,50000.0,82000.0,100000.0,300000.0,630000.0,860000.0,1000000.0,140.0,1400.0,2200.0,5200.0,9100.0,12000.0,11000.0,25000.0,36000.0,63000.0,190000.0,360000.0,470000.0,520000.0,16.0,38.0,29.0,23.0,8.0,63.0,,82.0,110.0,200.0,200.0,460.0,840.0,260.0,,240.0,1200.0,1600.0,4400.0,11000.0,13000.0,29000.0,31000.0,45000.0,200000.0,330000.0,360000.0,180000.0,0.004900000058115,0.052000001072884,0.109999999403954,0.230000004172325,0.449999988079071,0.730000019073486,0.740000009536743,1.60000002384186,2.0,3.0,14.0,26.0,31.0,24.0,0.000579999992624,0.004399999976158,0.012000000104308,0.028000000864267,0.056000001728535,0.097000002861023,0.140000000596046,0.219999998807907,0.349999994039536,0.5,1.29999995231628,2.59999990463257,3.90000009536743,5.40000009536743,,,1518.0,2447.0,2720.0,5070.0,6430.0,10800.0,19500.0,29900.0,43200.0,59300.0,86000.0,108000.0,1500000.0,2400.0,1000000.0,520000.0,260.0,180000.0,24.0,5.40000009536743,108000.0,Germany|Cars,Germany • Cars
Germany,Buses,,,,,,,110.0,140.0,160.0,380.0,760.0,1300.0,1700.0,2800.0,,,,,,,,,,24.0,49.0,87.0,68.0,160.0,,,,,,,120.0,120.0,120.0,120.0,130.0,130.0,130.0,140.0,,,,,,,110.0,29.0,43.0,190.0,390.0,610.0,630.0,840.0,,,,,,,16.0,8.0,,,38.0,33.0,21.0,43.0,,,,,,,120.0,,,,,5.0,15.0,5.0,,,,,,,3.40000009536743,0.430000007152557,0.639999985694885,3.09999990463257,6.09999990463257,9.5,13.0,15.0,,,,,,,0.28999999165535,0.330000013113022,0.349999994039536,0.639999985694885,1.20000004768372,1.79999995231628,2.29999995231628,3.79999995231628,,,1518.0,2447.0,2720.0,5070.0,6430.0,10800.0,19500.0,29900.0,43200.0,59300.0,86000.0,108000.0,2800.0,160.0,140.0,840.0,43.0,5.0,15.0,3.79999995231628,108000.0,Germany|Buses,Germany • Buses
Germany,Trucks,,,,,,,,,280.0,,,770.0,900.0,6100.0,,,,,,,,,,,,,,8.0,,,,,,,,,,,,,,4.0,,,,,,,,,280.0,620.0,860.0,1000.0,1100.0,2200.0,,,,,,,,,,,,,,8.0,,,,,,,,,,,,,,4.0,,,,,,,,,0.300000011920929,0.629999995231628,1.10000002384186,1.29999995231628,1.5,2.29999995231628,,,,,,,,,0.029999999329448,,,0.079999998211861,0.094999998807907,0.649999976158142,,,1518.0,2447.0,2720.0,5070.0,6430.0,10800.0,19500.0,29900.0,43200.0,59300.0,86000.0,108000.0,6100.0,8.0,4.0,2200.0,8.0,4.0,2.29999995231628,0.649999976158142,108000.0,Germany|Trucks,Germany • Trucks
Greece,Cars,,,,3.0,42.0,97.0,140.0,190.0,280.0,470.0,1100.0,3300.0,7400.0,13000.0,,,,,,,,,,,,,,,,,,,,22.0,78.0,220.0,440.0,730.0,2200.0,7000.0,12000.0,21000.0,,,,3.0,39.0,35.0,41.0,50.0,88.0,190.0,680.0,2200.0,2800.0,7000.0,,,,,,,,,,,,,,,,,,,,22.0,56.0,140.0,210.0,290.0,1500.0,4800.0,5500.0,10000.0,,,,0.005100000184029,0.054999999701977,0.078000001609325,0.119999997317791,0.219999998807907,0.28999999165535,0.419999986886978,2.59999990463257,6.90000009536743,7.90000009536743,14.0,,,,6.70000008540228e-05,0.000950000016019,0.002700000070035,0.004999999888241,0.009600000455976,0.017000000923872,0.028999999165535,0.082999996840954,0.259999990463257,0.519999980926514,0.910000026226044,,,,10.0,16.0,16.0,17.0,24.0,41.0,73.0,234.0,1300.0,2990.0,5130.0,13000.0,0.0,21000.0,7000.0,0.0,10000.0,14.0,0.910000026226044,5130.0,Greece|Cars,Greece • Cars
Hungary,Cars,,,,,,,,,,,,,,,,,,,,,,,,,,,,,,,,,,,,,,,,,,,,,,,,120.0,170.0,750.0,1300.0,1800.0,3000.0,4300.0,4700.0,5800.0,,,,,,,,,,,,,,,,,,,,15.0,170.0,440.0,770.0,1100.0,3000.0,4200.0,4900.0,5500.0,,,,,,0.170000001788139,0.360000014305115,1.0,1.5,1.89999997615814,4.69999980926514,7.0,8.60000038146973,11.0,,,,,,,,,,,,,,,,,,,,,,,,,,,,,0.0,0.0,0.0,5800.0,0.0,5500.0,11.0,0.0,0.0,Hungary|Cars,Hungary • Cars
Iceland,Cars,14.0,14.0,31.0,110.0,240.0,570.0,960.0,1700.0,2400.0,3500.0,5400.0,8500.0,14000.0,22000.0,20.0,20.0,20.0,18.0,3.0,4.0,3.0,2.0,17.0,31.0,30.0,31.0,31.0,27.0,,,9.0,32.0,52.0,140.0,600.0,2200.0,5600.0,7500.0,9600.0,13000.0,19000.0,22000.0,,,17.0,80.0,200.0,390.0,380.0,840.0,780.0,1100.0,2500.0,4200.0,6900.0,10000.0,11.0,,,,,,,,16.0,7.0,1.0,3.0,,1.0,,,9.0,23.0,29.0,170.0,780.0,2200.0,2900.0,2000.0,2400.0,4900.0,5100.0,2400.0,,,0.330000013113022,1.39999997615814,2.40000009536743,3.90000009536743,6.30000019073486,14.0,20.0,26.0,52.0,70.0,69.0,71.0,0.006699999794364,0.006699999794364,0.018999999389052,0.06700000166893,0.150000005960464,0.360000014305115,0.75,1.70000004768372,3.40000009536743,4.69999980926514,6.5,9.30000019073486,14.0,18.0,,,,,6.0,22.0,51.0,68.0,95.0,260.0,480.0,680.0,1030.0,1560.0,22000.0,27.0,22000.0,10000.0,1.0,2400.0,71.0,18.0,1560.0,Iceland|Cars,Iceland • Cars
India,Cars,880.0,1300.0,2800.0,2900.0,3400.0,4400.0,4800.0,7000.0,7900.0,8600.0,12000.0,23000.0,72000.0,150000.0,,,,,,,,,,,,1.0,3.0,3.0,,,,,,,,,,7.0,50.0,100.0,120.0,390.0,450.0,1400.0,190.0,410.0,1000.0,450.0,730.0,920.0,920.0,680.0,3100.0,12000.0,48000.0,82000.0,,,,,,,,,,,,1.0,2.0,,,,,,,,,,,7.0,43.0,50.0,23.0,270.0,0.020999999716878,0.056000001728535,0.00719999987632,0.016000000759959,0.037999998778105,0.017000000923872,0.026000000536442,0.030999999493361,0.029999999329448,0.024000000208616,0.119999997317791,0.349999994039536,1.20000004768372,2.0,0.004999999888241,0.006699999794364,0.012000000104308,0.012000000104308,0.013000000268221,0.014999999664724,0.014999999664724,0.020999999716878,0.021999999880791,0.021999999880791,0.028999999165535,0.054000001400709,0.150000005960464,0.310000002384186,,,,,,,25.0,245.0,355.0,355.0,355.0,942.0,10900.0,10900.0,150000.0,3.0,390.0,82000.0,0.0,270.0,2.0,0.310000002384186,10900.0,India|Cars,India • Cars
India,Buses,,,,,,100.0,100.0,100.0,100.0,550.0,1100.0,2100.0,3100.0,8400.0,,,,,,,,,,,,,,100.0,,,,,,,,,,,,,,,,,,,,100.0,25.0,20.0,210.0,460.0,2200.0,1200.0,2000.0,2300.0,,,,,,,,,,,49.0,,49.0,2.0,,,,,,,,,,,,,,,,,,,,0.109999999403954,0.027000000700355,0.023000000044704,0.280000001192093,0.689999997615814,6.0,7.5,6.19999980926514,6.80000019073486,,,,,,0.005400000140071,0.005200000014156,0.005100000184029,0.004999999888241,0.027000000700355,0.057000000029802,0.109999999403954,0.159999996423721,0.439999997615814,,,,,,,25.0,245.0,355.0,355.0,355.0,942.0,10900.0,10900.0,8400.0,100.0,0.0,2300.0,2.0,0.0,6.80000019073486,0.439999997615814,10900.0,India|Buses,India • Buses
India,Vans,,,,,,,180.0,1400.0,2900.0,3700.0,4700.0,6400.0,6900.0,7300.0,,,,,,,,,,,,,,,,,,,,,,,,,,,,,,,,,,,180.0,1200.0,1500.0,790.0,1000.0,1700.0,510.0,350.0,,,,,,,,,,,,,,,,,,,,,,,,,,,,,,,,,,,0.056000001728535,0.310000002384186,0.28999999165535,0.159999996423721,0.230000004172325,0.419999986886978,0.097999997437,0.061999998986721,,,,,,,0.003199999919161,0.024000000208616,0.046000000089407,0.054999999701977,0.065999999642372,0.086000002920628,0.087999999523163,0.086999997496605,,,,,,,25.0,245.0,355.0,355.0,355.0,942.0,10900.0,10900.0,7300.0,0.0,0.0,350.0,0.0,0.0,0.061999998986721,0.086999997496605,10900.0,India|Vans,India • Vans
Ireland,Cars,,,,,,,,,,,,,,,,,,,,,,,,,,,,,,,,,,,,,,,,,,,,,,,,470.0,390.0,620.0,1200.0,3400.0,4000.0,8600.0,16000.0,23000.0,,,,,,,,,,,,,,,,,,,,120.0,300.0,330.0,740.0,1300.0,2500.0,7900.0,7700.0,10000.0,,,,,,0.469999998807907,0.469999998807907,0.72000002861023,1.60000002384186,4.09999990463257,7.40000009536743,16.0,22.0,27.0,,,,,,,,,,,,,,,,,,,,,,,,,,,,,0.0,0.0,0.0,23000.0,0.0,10000.0,27.0,0.0,0.0,Ireland|Cars,Ireland • Cars
Israel,Buses,,,,,,,5.0,45.0,78.0,94.0,120.0,150.0,620.0,1100.0,3.0,,,,,,,,,,,,,,,,,,,,,,,,,,,,,,,0.001000000047497,,,5.0,40.0,23.0,16.0,24.0,33.0,480.0,450.0,,,,,,,,,,,,,,,,,,,,,,,,,,,,,,,,3.19999999192078e-05,,,0.109999999403954,0.949999988079071,0.610000014305115,0.370000004768372,0.870000004768372,0.779999971389771,10.0,11.0,,,,,,,0.016000000759959,0.140000000596046,0.230000004172325,0.259999990463257,0.319999992847443,0.400000005960465,1.60000002384186,2.59999990463257,,,,,,0.200000002980232,0.200000002980232,0.200000002980232,0.200000002980232,0.200000002980232,0.100000001490116,0.100000001490116,2770.0,4910.0,1100.0,0.0,0.0,450.0,0.0,0.0,11.0,2.59999990463257,4910.0,Israel|Buses,Israel • Buses
Israel,Cars,6.0,85.0,610.0,1000.0,1200.0,1200.0,1200.0,1400.0,1500.0,2200.0,3800.0,15000.0,44000.0,91000.0,,,,,,,,,,,,,,,,,1.0,18.0,70.0,140.0,200.0,1700.0,5300.0,9200.0,15000.0,28000.0,44000.0,60000.0,,3.0,600.0,460.0,6.0,3.0,5.0,130.0,130.0,850.0,1500.0,11000.0,27000.0,49000.0,,,,,,,,,,,,,,,,,1.0,17.0,52.0,65.0,63.0,1500.0,3600.0,3900.0,5400.0,13000.0,16000.0,16000.0,,0.001300000003539,0.270000010728836,0.209999993443489,0.021999999880791,0.024000000208616,0.021999999880791,0.519999980926514,1.20000004768372,1.60000002384186,2.59999990463257,6.90000009536743,12.0,19.0,0.000319999991916,0.004300000146031,0.028999999165535,0.048000000417233,0.056000001728535,0.054999999701977,0.054000001400709,0.109999999403954,0.230000004172325,0.370000004768372,0.579999983310699,1.29999995231628,2.5,4.19999980926514,,,,,,0.200000002980232,0.200000002980232,0.200000002980232,0.200000002980232,0.200000002980232,0.100000001490116,0.100000001490116,2770.0,4910.0,91000.0,0.0,60000.0,49000.0,0.0,16000.0,19.0,4.19999980926514,4910.0,Israel|Cars,Israel • Cars
Israel,Vans,,,,,,,,,,,2.0,26.0,120.0,300.0,,,,,,,,,,,,,,,,,,,,,,,,,,,,20.0,,,,,,,,,,,45.0,76.0,87.0,90.0,,,,,,,,,,,,,,,,,,,,,,,,,,2.0,18.0,,,,,,,,,,,,0.360000014305115,0.490000009536743,0.689999997615814,0.600000023841858,,,,,,,,,,,0.00109999999404,0.014000000432134,0.061999998986721,0.170000001788139,,,,,,0.200000002980232,0.200000002980232,0.200000002980232,0.200000002980232,0.200000002980232,0.100000001490116,0.100000001490116,2770.0,4910.0,300.0,0.0,20.0,90.0,0.0,0.0,0.600000023841858,0.170000001788139,4910.0,Israel|Vans,Israel • Vans
Italy,Vans,820.0,910.0,1300.0,1400.0,1700.0,2100.0,2900.0,3200.0,3900.0,4900.0,6300.0,9400.0,13000.0,21000.0,,,,,,,,,,,,,,,,,,,,,,,,43.0,98.0,490.0,1100.0,2100.0,210.0,84.0,360.0,180.0,270.0,420.0,780.0,500.0,640.0,1000.0,1200.0,3100.0,4100.0,7200.0,,,,,,,,,,,,,,,,,3.0,1.0,,,,2.0,,,53.0,380.0,610.0,1000.0,0.119999997317791,0.0489999987185,0.310000002384186,0.200000002980232,0.25,0.349999994039536,0.430000007152557,0.280000001192093,0.389999985694885,0.610000014305115,0.879999995231628,1.89999997615814,3.0,4.19999980926514,0.021999999880791,0.023000000044704,0.034000001847744,0.037000000476837,0.043000001460314,0.052999999374151,0.071000002324581,0.07599999755621,0.093999996781349,0.119999997317791,0.150000005960464,0.230000004172325,0.330000013113022,0.550000011920929,,,1401.0,1406.0,1410.0,1770.0,2470.0,2790.0,3470.0,9160.0,13200.0,22200.0,37500.0,48100.0,21000.0,0.0,2100.0,7200.0,0.0,1000.0,4.19999980926514,0.550000011920929,48100.0,Italy|Vans,Italy • Vans
Italy,Cars,650.0,760.0,1200.0,2000.0,3100.0,4400.0,5800.0,7800.0,13000.0,23000.0,55000.0,120000.0,170000.0,240000.0,,,,,10.0,11.0,11.0,11.0,12.0,28.0,35.0,45.0,56.0,59.0,,,,180.0,520.0,1300.0,2700.0,5600.0,10000.0,17000.0,44000.0,110000.0,180000.0,250000.0,40.0,110.0,460.0,860.0,1000.0,1500.0,1400.0,2000.0,5000.0,11000.0,33000.0,67000.0,49000.0,66000.0,,,,,10.0,1.0,,,1.0,17.0,7.0,10.0,11.0,2.0,,,,180.0,340.0,740.0,1300.0,2900.0,4700.0,6500.0,27000.0,71000.0,65000.0,70000.0,0.002000000094995,0.00650000013411,0.032999999821186,0.079999998211861,0.100000001490116,0.140000000596046,0.150000005960464,0.25,0.509999990463257,0.899999976158142,4.30000019073486,9.5,8.60000038146973,9.19999980926514,0.001700000022538,0.002000000094995,0.003199999919161,0.005799999926239,0.009399999864399,0.014999999664724,0.021999999880791,0.034000001847744,0.05799999833107,0.100000001490116,0.25,0.589999973773956,0.910000026226044,1.29999995231628,,,1401.0,1406.0,1410.0,1770.0,2470.0,2790.0,3470.0,9160.0,13200.0,22200.0,37500.0,48100.0,240000.0,59.0,250000.0,66000.0,2.0,70000.0,9.19999980926514,1.29999995231628,48100.0,Italy|Cars,Italy • Cars
Italy,Buses,,,,,,,38.0,46.0,110.0,540.0,590.0,670.0,790.0,1000.0,,,,,,11.0,13.0,13.0,13.0,13.0,13.0,13.0,13.0,14.0,,,,,,,,,,,,,,,,,,,,,38.0,29.0,60.0,65.0,97.0,180.0,120.0,410.0,,,,,,,,,,,,,,14.0,,,,,,,,,,,,,,,,,,,,,1.39999997615814,0.910000026226044,1.39999997615814,1.60000002384186,3.09999990463257,5.19999980926514,4.09999990463257,8.0,,,,,,,0.039000000804663,0.048000000417233,0.109999999403954,0.550000011920929,0.600000023841858,0.689999997615814,0.829999983310699,1.10000002384186,,,1401.0,1406.0,1410.0,1770.0,2470.0,2790.0,3470.0,9160.0,13200.0,22200.0,37500.0,48100.0,1000.0,14.0,0.0,410.0,14.0,0.0,8.0,1.10000002384186,48100.0,Italy|Buses,Italy • Buses
Japan,Cars,3500.0,16000.0,30000.0,44000.0,70000.0,79000.0,88000.0,100000.0,110000.0,120000.0,140000.0,160000.0,210000.0,290000.0,,,,,,400.0,1400.0,2300.0,2900.0,3600.0,4100.0,6600.0,7600.0,7900.0,,15.0,11000.0,25000.0,41000.0,55000.0,65000.0,100000.0,120000.0,140000.0,160000.0,180000.0,200000.0,250000.0,2400.0,13000.0,13000.0,15000.0,16000.0,10000.0,15000.0,18000.0,27000.0,21000.0,15000.0,22000.0,59000.0,88000.0,2.0,,1.0,4.0,7.0,390.0,1100.0,850.0,610.0,670.0,490.0,2500.0,990.0,320.0,,15.0,11000.0,14000.0,16000.0,14000.0,9400.0,36000.0,23000.0,18000.0,15000.0,23000.0,38000.0,52000.0,0.052999999374151,0.28999999165535,0.449999988079071,0.540000021457672,0.610000014305115,0.519999980926514,0.509999990463257,1.20000004768372,1.10000002384186,0.860000014305115,0.75,1.20000004768372,2.79999995231628,3.59999990463257,0.006099999882281,0.028000000864267,0.068999998271465,0.119999997317791,0.189999997615814,0.219999998807907,0.25,0.310000002384186,0.360000014305115,0.409999996423721,0.449999988079071,0.509999990463257,0.639999985694885,0.839999973773956,310.0,800.0,1400.0,1800.0,11500.0,22000.0,24100.0,29300.0,29700.0,30900.0,29900.0,29000.0,29400.0,31600.0,290000.0,7900.0,250000.0,88000.0,320.0,52000.0,3.59999990463257,0.839999973773956,31600.0,Japan|Cars,Japan • Cars
Japan,Vans,,850.0,3300.0,5400.0,6400.0,7300.0,7600.0,7900.0,8200.0,8700.0,10000.0,11000.0,39000.0,15000.0,,,,,,,,,,,,,,,,,,,,,,,,,,,,,,850.0,2500.0,2100.0,1000.0,830.0,320.0,320.0,280.0,520.0,1500.0,920.0,1600.0,2800.0,,,,,,,,,,,,,,,,,,,,,,,,,,,,,,0.150000005960464,0.379999995231628,0.310000002384186,0.150000005960464,0.129999995231628,0.050999999046326,0.050000000745058,0.03999999910593,0.075000002980232,0.239999994635582,0.150000005960464,0.25,0.430000007152557,,0.006099999882281,0.024000000208616,0.03999999910593,0.048000000417233,0.054000001400709,0.057000000029802,0.059999998658896,0.061999998986721,0.06700000166893,0.078000001609325,0.08500000089407,0.310000002384186,0.129999995231628,310.0,800.0,1400.0,1800.0,11500.0,22000.0,24100.0,29300.0,29700.0,30900.0,29900.0,29000.0,29400.0,31600.0,15000.0,0.0,0.0,2800.0,0.0,0.0,0.430000007152557,0.129999995231628,31600.0,Japan|Vans,Japan • Vans
Japan,Buses,,2.0,6.0,13.0,19.0,21.0,29.0,29.0,39.0,47.0,57.0,57.0,77.0,170.0,,,,,,,,,,,10.0,,10.0,100.0,,,,,,,,,,,,,,,,2.0,4.0,7.0,6.0,2.0,8.0,10.0,10.0,8.0,10.0,32.0,20.0,69.0,,,,,,,,,,,100.0,,,,,,,,,,,,,,,,,,,0.018999999389052,0.032999999821186,0.061999998986721,0.050000000745058,0.014999999664724,0.052000001072884,0.064000003039837,0.072999998927116,0.059000000357628,0.109999999403954,0.46000000834465,0.360000014305115,1.10000002384186,,0.00089000002481,0.002700000070035,0.005799999926239,0.008399999700487,0.009200000204146,0.012000000104308,0.012000000104308,0.017000000923872,0.019999999552965,0.025000000372529,0.026000000536442,0.037000000476837,0.087999999523163,310.0,800.0,1400.0,1800.0,11500.0,22000.0,24100.0,29300.0,29700.0,30900.0,29900.0,29000.0,29400.0,31600.0,170.0,100.0,0.0,69.0,0.0,0.0,1.10000002384186,0.087999999523163,31600.0,Japan|Buses,Japan • Buses
Japan,Trucks,,,,,,,,,5.0,55.0,55.0,55.0,55.0,150.0,,,,,,,,,,,,,,,,,,,,,,,,,,,,,,,,,,,,,5.0,50.0,35.0,3.0,10.0,50.0,,,,,,,,,,,,,,,,,,,,,,,,,,,,,,,,,,,,,0.002799999900162,0.027000000700355,0.021999999880791,0.001900000032038,0.008200000040233,0.035000000149012,,,,,,,,,0.000440000003437,0.0046999999322,0.0046999999322,0.004600000102073,0.004800000227988,0.013000000268221,310.0,800.0,1400.0,1800.0,11500.0,22000.0,24100.0,29300.0,29700.0,30900.0,29900.0,29000.0,29400.0,31600.0,150.0,0.0,0.0,50.0,0.0,0.0,0.035000000149012,0.013000000268221,31600.0,Japan|Trucks,Japan • Trucks
Korea,Buses,5.0,9.0,11.0,17.0,20.0,22.0,52.0,52.0,100.0,220.0,1800.0,3100.0,5200.0,4400.0,,,,,,,,,,15.0,52.0,130.0,280.0,650.0,,,,,,,,,,,,,,,5.0,4.0,2.0,6.0,3.0,2.0,30.0,,50.0,110.0,700.0,340.0,640.0,2500.0,,,,,,,,,,,37.0,77.0,150.0,370.0,,,,,,,,,,,,,,,0.007000000216067,0.005400000140071,0.00289999996312,0.008100000210106,0.003899999894202,0.002700000070035,0.041999999433756,,0.035000000149012,0.086000002920628,0.479999989271164,0.209999993443489,0.25,0.97000002861023,0.000869999988936,0.001700000022538,0.002099999925122,0.003400000045076,0.004100000020117,0.004499999806285,0.010999999940395,0.009499999694526,0.017000000923872,0.032999999821186,0.259999990463257,0.400000005960465,0.560000002384186,0.409999996423721,,,,,,,2020.0,13300.0,27200.0,44400.0,46800.0,107000.0,201000.0,201000.0,4400.0,650.0,0.0,2500.0,370.0,0.0,0.97000002861023,0.409999996423721,201000.0,Korea|Buses,Korea • Buses
Korea,Cars,61.0,340.0,850.0,1400.0,2700.0,5800.0,10000.0,24000.0,55000.0,89000.0,120000.0,190000.0,300000.0,460000.0,,,,,,12.0,46.0,100.0,900.0,5100.0,10000.0,19000.0,29000.0,34000.0,,,,,,250.0,580.0,1300.0,5600.0,11000.0,24000.0,44000.0,57000.0,59000.0,61.0,270.0,510.0,600.0,1300.0,3100.0,4700.0,14000.0,55000.0,33000.0,31000.0,72000.0,120000.0,120000.0,,,,,,29.0,58.0,75.0,910.0,4200.0,5000.0,9200.0,10000.0,4300.0,,,,,,250.0,330.0,670.0,4400.0,2700.0,8700.0,19000.0,11000.0,12000.0,0.004999999888241,0.023000000044704,0.041000001132488,0.0489999987185,0.093000002205372,0.219999998807907,0.330000013113022,0.949999988079071,3.79999995231628,2.29999995231628,2.40000009536743,5.80000019073486,8.5,7.90000009536743,0.000399999989895,0.002199999988079,0.005400000140071,0.009100000374019,0.017000000923872,0.035999998450279,0.064000003039837,0.140000000596046,0.330000013113022,0.529999971389771,0.740000009536743,1.20000004768372,1.70000004768372,2.40000009536743,,,,,,,2020.0,13300.0,27200.0,44400.0,46800.0,107000.0,201000.0,201000.0,460000.0,34000.0,59000.0,120000.0,4300.0,12000.0,7.90000009536743,2.40000009536743,201000.0,Korea|Cars,Korea • Cars
Korea,Vans,,,,,,18.0,32.0,32.0,330.0,1900.0,16000.0,45000.0,81000.0,120000.0,,,,,,,,,,,,,,,,,,,,,,,,,,,,,,,,,,18.0,14.0,,300.0,1500.0,15000.0,29000.0,36000.0,41000.0,,,,,,,,,2.0,15.0,60.0,54.0,,,,,,,,,,,,,,,,,,,,,,0.010999999940395,0.009399999864399,,0.140000000596046,0.730000019073486,6.0,12.0,15.0,18.0,,,,,,0.000750000006519,0.001300000003539,0.001300000003539,0.013000000268221,0.072999998927116,0.629999995231628,1.70000004768372,2.90000009536743,4.19999980926514,,,,,,,2020.0,13300.0,27200.0,44400.0,46800.0,107000.0,201000.0,201000.0,120000.0,0.0,0.0,41000.0,0.0,0.0,18.0,4.19999980926514,201000.0,Korea|Vans,Korea • Vans
Latvia,Cars,,,,,,,,,,,,,,,,,,,,,,,,,,,,,,,,,,,,,,,,,,,,,,,,17.0,22.0,22.0,73.0,86.0,310.0,410.0,1100.0,1700.0,,,,,,,,,,,,,,,,,,,,9.0,18.0,18.0,17.0,12.0,73.0,140.0,300.0,360.0,,,,,,0.189999997615814,0.239999994635582,0.239999994635582,0.529999971389771,0.540000021457672,2.59999990463257,3.90000009536743,8.10000038146973,11.0,,,,,,,,,,,,,,,,,,,,,,,,,,,,,0.0,0.0,0.0,1700.0,0.0,360.0,11.0,0.0,0.0,Latvia|Cars,Latvia • Cars
Lithuania,Cars,,,,,,,,,,,,,,,,,,,,,,,,,,,,,,,,,,,,,,,,,,,,,,,,37.0,64.0,52.0,140.0,160.0,450.0,1200.0,1400.0,2100.0,,,,,,,,,,,,,,,,,,,,,,,,,,400.0,670.0,,,,,,,0.219999998807907,0.319999992847443,0.200000002980232,,0.349999994039536,1.10000002384186,5.0,7.90000009536743,7.5,,,,,,,,,,,,,,,,,,,,,,,,,,,,,0.0,0.0,0.0,2100.0,0.0,0.0,7.5,0.0,0.0,Lithuania|Cars,Lithuania • Cars
Luxembourg,Cars,,,,,,,,,,,,,,,,,,,,,,,,,,,,,,,,,,,,,,,,,,,,,,,,,,,,990.0,2500.0,4600.0,6400.0,11000.0,,,,,,,,,,,,,,,,,,,,,,,,910.0,2700.0,4400.0,3800.0,4800.0,,,,,,,,,,3.5,11.0,20.0,24.0,32.0,,,,,,,,,,,,,,,,,,,,,,,,,,,,,0.0,0.0,0.0,11000.0,0.0,4800.0,32.0,0.0,0.0,Luxembourg|Cars,Luxembourg • Cars
Mexico,Cars,,3.0,91.0,100.0,150.0,240.0,500.0,730.0,930.0,1200.0,3100.0,6100.0,10000.0,24000.0,,,,,,,,,,,,,,,,,,,,7.0,530.0,1500.0,3100.0,4400.0,6400.0,9900.0,14000.0,16000.0,,3.0,88.0,12.0,48.0,92.0,250.0,230.0,200.0,290.0,1800.0,3000.0,4400.0,13000.0,,,,,,,,,,,,,,,,,,,,7.0,520.0,970.0,1600.0,1400.0,2000.0,3500.0,4000.0,2200.0,,0.000260000000708,0.007699999958277,0.00089000002481,0.003800000064075,0.00800000037998,0.052999999374151,0.086000002920628,0.140000000596046,0.140000000596046,0.449999988079071,0.72000002861023,0.889999985694885,1.29999995231628,,1.49999996210681e-05,0.000440000003437,0.000479999987874,0.000669999979436,0.00109999999404,0.004199999850243,0.008899999782443,0.014999999664724,0.020999999716878,0.035000000149012,0.059000000357628,0.089000001549721,0.140000000596046,,,,,,83.0,246.0,750.0,1176.0,1176.0,1176.0,1176.0,2076.0,2076.0,24000.0,0.0,16000.0,13000.0,0.0,2200.0,1.29999995231628,0.140000000596046,2076.0,Mexico|Cars,Mexico • Cars
Netherlands,Vans,86.0,160.0,490.0,670.0,1300.0,1500.0,1600.0,2200.0,3100.0,4300.0,5900.0,9000.0,14000.0,23000.0,,,,,,4.0,5.0,3.0,5.0,5.0,12.0,13.0,13.0,13.0,,,,,,2.0,2.0,2.0,3.0,3.0,30.0,78.0,130.0,160.0,39.0,72.0,340.0,180.0,590.0,260.0,290.0,650.0,1000.0,1400.0,1700.0,3300.0,5000.0,10000.0,,,,,,,,1.0,2.0,,,,,,,,,,,,,,,,33.0,46.0,35.0,90.0,0.079000003635883,0.119999997317791,0.589999973773956,0.349999994039536,1.10000002384186,0.469999998807907,0.430000007152557,0.740000009536743,1.10000002384186,1.5,2.40000009536743,3.90000009536743,6.59999990463257,12.0,0.009999999776483,0.017000000923872,0.054999999701977,0.075000002980232,0.140000000596046,0.159999996423721,0.170000001788139,0.230000004172325,0.319999992847443,0.439999997615814,0.589999973773956,0.870000004768372,1.29999995231628,2.20000004768372,400.0,400.0,2821.0,5821.0,12120.0,18220.0,32400.0,33410.0,36820.0,47300.0,65100.0,83600.0,124300.0,145800.0,23000.0,13.0,160.0,10000.0,0.0,90.0,12.0,2.20000004768372,145800.0,Netherlands|Vans,Netherlands • Vans
Netherlands,Buses,15.0,22.0,23.0,39.0,46.0,92.0,170.0,250.0,360.0,730.0,1200.0,1300.0,1400.0,1600.0,,,,,,2.0,3.0,6.0,6.0,7.0,5.0,41.0,55.0,64.0,,,,,,12.0,13.0,13.0,13.0,110.0,99.0,99.0,100.0,97.0,,,,5.0,7.0,12.0,80.0,150.0,110.0,380.0,450.0,150.0,99.0,180.0,,,,,,,1.0,3.0,,1.0,,37.0,14.0,9.0,,,,,,,,,,,,,,,,,,0.839999973773956,1.0,3.70000004768372,9.80000019073486,14.0,17.0,38.0,65.0,37.0,25.0,31.0,0.150000005960464,0.219999998807907,0.239999994635582,0.430000007152557,0.519999980926514,1.10000002384186,1.79999995231628,2.70000004768372,3.79999995231628,8.39999961853027,13.0,15.0,16.0,18.0,400.0,400.0,2821.0,5821.0,12120.0,18220.0,32400.0,33410.0,36820.0,47300.0,65100.0,83600.0,124300.0,145800.0,1600.0,64.0,97.0,180.0,9.0,0.0,31.0,18.0,145800.0,Netherlands|Buses,Netherlands • Buses
Netherlands,Cars,270.0,1100.0,1900.0,4200.0,6800.0,9400.0,13000.0,21000.0,44000.0,110000.0,170000.0,240000.0,330000.0,440000.0,,,,,2.20000004768372,26.0,33.0,39.0,52.0,210.0,360.0,490.0,600.0,620.0,11.0,26.0,4400.0,24000.0,37000.0,79000.0,99000.0,97000.0,95000.0,92000.0,98000.0,140000.0,190000.0,260000.0,120.0,860.0,790.0,2600.0,2700.0,3400.0,4000.0,8700.0,25000.0,63000.0,76000.0,70000.0,87000.0,130000.0,,,,,2.20000004768372,19.0,7.0,7.0,13.0,160.0,170.0,140.0,87.0,65.0,,17.0,4300.0,20000.0,12000.0,39000.0,18000.0,2500.0,5100.0,6700.0,18000.0,40000.0,50000.0,80000.0,0.025000000372529,0.159999996423721,1.0,5.5,3.90000009536743,9.5,5.80000019073486,1.79999995231628,4.69999980926514,11.0,16.0,19.0,26.0,35.0,0.00359999993816,0.014999999664724,0.079000003635883,0.360000014305115,0.550000011920929,1.10000002384186,1.39999997615814,1.39999997615814,1.60000002384186,2.29999995231628,3.09999990463257,4.30000019073486,6.0,8.30000019073486,400.0,400.0,2821.0,5821.0,12120.0,18220.0,32400.0,33410.0,36820.0,47300.0,65100.0,83600.0,124300.0,145800.0,440000.0,620.0,260000.0,130000.0,65.0,80000.0,35.0,8.30000019073486,145800.0,Netherlands|Cars,Netherlands • Cars
Netherlands,Trucks,23.0,29.0,57.0,70.0,76.0,77.0,94.0,100.0,120.0,220.0,210.0,270.0,370.0,1500.0,,,,,,5.0,2.0,2.0,2.0,4.0,8.0,14.0,26.0,57.0,,,,,,36.0,39.0,42.0,46.0,47.0,41.0,48.0,56.0,73.0,,,,,,4.0,26.0,18.0,30.0,130.0,50.0,71.0,120.0,1200.0,,,,,,,,,,,2.0,8.0,14.0,8.0,,,,,,,,2.0,1.0,1.0,3.0,16.0,17.0,26.0,,,,,,0.028000000864267,0.159999996423721,0.109999999403954,0.150000005960464,0.639999985694885,0.360000014305115,0.509999990463257,0.769999980926514,5.90000009536743,0.016000000759959,0.01799999922514,0.037000000476837,0.046000000089407,0.048000000417233,0.068000003695488,0.078000001609325,0.086999997496605,0.100000001490116,0.159999996423721,0.150000005960464,0.189999997615814,0.25,0.910000026226044,400.0,400.0,2821.0,5821.0,12120.0,18220.0,32400.0,33410.0,36820.0,47300.0,65100.0,83600.0,124300.0,145800.0,1500.0,57.0,73.0,1200.0,8.0,26.0,5.90000009536743,0.910000026226044,145800.0,Netherlands|Trucks,Netherlands • Trucks
New Zealand,Buses,62.0,64.0,65.0,65.0,65.0,65.0,65.0,66.0,77.0,100.0,120.0,170.0,260.0,350.0,,,,,,,,,,,,,,,,,,,,,,,,,,1.0,1.0,1.0,,2.0,1.0,,,,,1.0,11.0,13.0,17.0,75.0,110.0,100.0,,,,,,,,,,,,,,,,,,,,,,,,,,1.0,,,,0.239999994635582,0.119999997317791,,,,,0.03999999910593,0.430000007152557,0.529999971389771,0.899999976158142,2.90000009536743,6.0,5.19999980926514,0.28999999165535,0.300000011920929,0.300000011920929,0.300000011920929,0.28999999165535,0.280000001192093,0.270000010728836,0.25,0.280000001192093,0.349999994039536,0.389999985694885,0.540000021457672,0.800000011920929,1.0,,,,,,,,100.0,289.0,390.0,460.0,600.0,680.0,1140.0,350.0,0.0,1.0,100.0,0.0,0.0,5.19999980926514,1.0,1140.0,New Zealand|Buses,New Zealand • Buses
New Zealand,Cars,14.0,27.0,49.0,79.0,190.0,490.0,1600.0,4600.0,8900.0,13000.0,17000.0,26000.0,46000.0,70000.0,,,,,,,,,,2.0,5.0,6.0,16.0,20.0,,2.0,7.0,13.0,220.0,420.0,760.0,1300.0,2500.0,4400.0,5900.0,9400.0,19000.0,30000.0,10.0,13.0,22.0,30.0,110.0,300.0,1200.0,2900.0,4400.0,5300.0,3900.0,6800.0,19000.0,26000.0,,,,,,,,,,2.0,3.0,1.0,10.0,4.0,,2.0,5.0,6.0,210.0,200.0,340.0,540.0,1200.0,1600.0,1500.0,3500.0,9200.0,12000.0,0.006300000008196,0.009899999946356,0.017000000923872,0.018999999389052,0.140000000596046,0.300000011920929,0.779999971389771,1.39999997615814,2.09999990463257,2.29999995231628,1.60000002384186,3.40000009536743,11.0,14.0,0.000479999987874,0.000989999971353,0.001900000032038,0.003100000089034,0.014000000432134,0.029999999329448,0.079999998211861,0.189999997615814,0.370000004768372,0.569999992847443,0.72000002861023,1.10000002384186,1.89999997615814,2.79999995231628,,,,,,,,100.0,289.0,390.0,460.0,600.0,680.0,1140.0,70000.0,20.0,30000.0,26000.0,4.0,12000.0,14.0,2.79999995231628,1140.0,New Zealand|Cars,New Zealand • Cars
New Zealand,Vans,,,,,,,,,,780.0,850.0,980.0,1400.0,1800.0,,,,,,,,,,,,6.0,6.0,,,,,,,,,,,,1.0,25.0,74.0,88.0,,,,,,,,,,70.0,78.0,140.0,420.0,500.0,,,,,,,,,,,,,,,,,,,,,,,,,1.0,22.0,50.0,15.0,,,,,,,,,,0.119999997317791,0.140000000596046,0.300000011920929,1.10000002384186,1.5,,,,,,,,,,0.129999995231628,0.129999995231628,0.150000005960464,0.209999993443489,0.259999990463257,,,,,,,,100.0,289.0,390.0,460.0,600.0,680.0,1140.0,1800.0,0.0,88.0,500.0,0.0,15.0,1.5,0.259999990463257,1140.0,New Zealand|Vans,New Zealand • Vans
Norway,Cars,2700.0,3900.0,8000.0,15000.0,33000.0,59000.0,83000.0,120000.0,160000.0,220000.0,340000.0,450000.0,590000.0,690000.0,,,,,4.0,13.0,40.0,70.0,120.0,180.0,200.0,230.0,260.0,290.0,2.0,3.0,340.0,660.0,2300.0,10000.0,31000.0,60000.0,87000.0,110000.0,150000.0,180000.0,200000.0,210000.0,360.0,2000.0,3900.0,7900.0,20000.0,26000.0,24000.0,33000.0,46000.0,60000.0,77000.0,110000.0,140000.0,100000.0,,,,,4.0,9.0,20.0,30.0,45.0,29.0,16.0,39.0,27.0,6.0,,,320.0,340.0,1700.0,7900.0,21000.0,29000.0,27000.0,19000.0,29000.0,38000.0,16000.0,10000.0,0.280000001192093,1.39999997615814,3.09999990463257,5.80000019073486,15.0,22.0,29.0,39.0,49.0,56.0,75.0,86.0,89.0,93.0,0.119999997317791,0.170000001788139,0.360000014305115,0.639999985694885,1.39999997615814,2.70000004768372,4.30000019073486,6.40000009536743,8.89999961853027,12.0,17.0,21.0,26.0,29.0,2800.0,3118.0,3758.0,4596.0,5310.0,5530.0,7500.0,9220.0,10500.0,14000.0,17300.0,19700.0,24100.0,27000.0,690000.0,290.0,210000.0,100000.0,6.0,10000.0,93.0,29.0,27000.0,Norway|Cars,Norway • Cars
Norway,Vans,,1.0,5.0,5.0,560.0,1300.0,2000.0,2900.0,4700.0,6700.0,9700.0,11000.0,21000.0,30000.0,,,,,,,,,,,1.0,1.0,1.0,1.0,,,,,,,,10.0,10.0,10.0,43.0,310.0,500.0,660.0,1.0,42.0,61.0,340.0,560.0,710.0,640.0,770.0,1800.0,2000.0,2600.0,1600.0,7000.0,8800.0,,,,,,,,,,,,,,,,,,,,,,,,,11.0,58.0,220.0,130.0,0.003400000045076,0.119999997317791,0.189999997615814,1.20000004768372,2.0,2.29999995231628,1.89999997615814,2.20000004768372,5.09999990463257,5.59999990463257,8.5,5.59999990463257,24.0,29.0,,0.000220000001718,0.00109999999404,0.001000000047497,0.119999997317791,0.259999990463257,0.389999985694885,0.569999992847443,0.899999976158142,1.29999995231628,1.79999995231628,2.20000004768372,4.09999990463257,5.80000019073486,2800.0,3118.0,3758.0,4596.0,5310.0,5530.0,7500.0,9220.0,10500.0,14000.0,17300.0,19700.0,24100.0,27000.0,30000.0,1.0,660.0,8800.0,0.0,130.0,29.0,5.80000019073486,27000.0,Norway|Vans,Norway • Vans
Norway,Buses,,,,,,,13.0,31.0,43.0,200.0,420.0,520.0,830.0,1200.0,,,,,,,,,,,5.0,,10.0,,,,,,,,,,,,63.0,70.0,69.0,68.0,,,,,,,13.0,18.0,12.0,160.0,230.0,99.0,310.0,540.0,,,,,,,,,,,,,,,,,,,,,,,,,63.0,5.0,,,,,,,,,0.930000007152557,1.5,1.20000004768372,7.0,21.0,9.0,48.0,53.0,,,,,,,0.100000001490116,0.239999994635582,0.330000013113022,1.5,3.40000009536743,4.19999980926514,6.59999990463257,9.89999961853027,2800.0,3118.0,3758.0,4596.0,5310.0,5530.0,7500.0,9220.0,10500.0,14000.0,17300.0,19700.0,24100.0,27000.0,1200.0,0.0,68.0,540.0,0.0,0.0,53.0,9.89999961853027,27000.0,Norway|Buses,Norway • Buses
Norway,Trucks,,,,,,,,2.0,2.0,2.0,18.0,96.0,220.0,1200.0,,,,,,,,,,,,,,,,,,,,,,,,,1.0,2.0,5.0,1.0,,,,,,,,2.0,,3.0,26.0,110.0,530.0,700.0,,,,,,,,,,,3.0,,,,,,,,,,,,,,1.0,,,,,,,,,,,0.032000001519919,,0.041000001132488,0.449999988079071,1.79999995231628,9.19999980926514,11.0,,,,,,,,0.002400000113994,0.002400000113994,0.002300000051036,0.021999999880791,0.109999999403954,0.259999990463257,1.39999997615814,2800.0,3118.0,3758.0,4596.0,5310.0,5530.0,7500.0,9220.0,10500.0,14000.0,17300.0,19700.0,24100.0,27000.0,1200.0,0.0,1.0,700.0,0.0,0.0,11.0,1.39999997615814,27000.0,Norway|Trucks,Norway • Trucks
Poland,Vans,,,,,,18.0,27.0,34.0,120.0,490.0,810.0,1500.0,3100.0,5800.0,,,,,,,,,,,,,,,,,,,,,,,,3.0,8.0,4.0,5.0,6.0,3.0,3.0,16.0,10.0,8.0,13.0,16.0,28.0,42.0,130.0,220.0,840.0,1100.0,2400.0,,,,,,,,,,,,,,,,,,,,2.0,,,,,2.0,1.0,1.0,,0.007799999788404,0.006599999964237,0.041999999433756,0.025000000372529,0.01799999922514,0.028000000864267,0.027000000700355,0.046999998390675,0.061000000685454,0.189999997615814,0.370000004768372,1.10000002384186,1.79999995231628,3.79999995231628,,,,,,0.000739999988582,0.00109999999404,0.001300000003539,0.005799999926239,0.021999999880791,0.035999998450279,0.063000001013279,0.129999995231628,0.239999994635582,,,,,124.0,298.0,322.0,520.0,770.0,840.0,1680.0,3700.0,5100.0,5900.0,5800.0,0.0,6.0,2400.0,0.0,0.0,3.79999995231628,0.239999994635582,5900.0,Poland|Vans,Poland • Vans
Poland,Cars,,,,,,2500.0,2600.0,3100.0,3700.0,4800.0,9400.0,18000.0,31000.0,52000.0,,,,,,,,14.0,28.0,34.0,28.0,91.0,130.0,210.0,,,,,,,,,,3800.0,8300.0,19000.0,30000.0,47000.0,15.0,43.0,44.0,31.0,140.0,70.0,110.0,440.0,620.0,1500.0,3700.0,7200.0,14000.0,17000.0,,,,,,,,,1.0,,,78.0,46.0,83.0,1.0,,4.0,6.0,61.0,150.0,400.0,640.0,760.0,1200.0,4500.0,9100.0,11000.0,13000.0,0.004800000227988,0.014000000432134,0.017000000923872,0.013000000268221,0.061999998986721,0.061000000685454,0.119999997317791,0.219999998807907,0.259999990463257,0.490000009536743,1.89999997615814,3.59999990463257,6.0,6.59999990463257,,,,,,0.012000000104308,0.017000000923872,0.014000000432134,0.020999999716878,0.046999998390675,0.094999998807907,0.189999997615814,0.310000002384186,0.490000009536743,,,,,124.0,298.0,322.0,520.0,770.0,840.0,1680.0,3700.0,5100.0,5900.0,52000.0,210.0,47000.0,17000.0,83.0,13000.0,6.59999990463257,0.490000009536743,5900.0,Poland|Cars,Poland • Cars
Poland,Buses,,,,,,,,1.0,63.0,230.0,430.0,600.0,820.0,1200.0,,,,,,,,,,,,,,34.0,,,,,,14.0,34.0,34.0,38.0,38.0,38.0,38.0,38.0,44.0,,,,,,,,,63.0,54.0,200.0,220.0,180.0,360.0,,,,,,,,,,,,,,34.0,,,,,,,,,38.0,1.0,,1.0,1.0,3.0,,,,,,,,,1.70000004768372,1.20000004768372,40.0,16.0,16.0,20.0,,,,,,0.023000000044704,0.054999999701977,0.054999999701977,0.150000005960464,0.389999985694885,0.709999978542328,0.959999978542328,1.29999995231628,1.79999995231628,,,,,124.0,298.0,322.0,520.0,770.0,840.0,1680.0,3700.0,5100.0,5900.0,1200.0,34.0,44.0,360.0,34.0,3.0,20.0,1.79999995231628,5900.0,Poland|Buses,Poland • Buses
Portugal,Cars,720.0,910.0,960.0,1100.0,1300.0,2000.0,2800.0,4700.0,8700.0,16000.0,23000.0,37000.0,54000.0,91000.0,,,,,,,,,,,,3.0,3.0,3.0,,,,37.0,46.0,530.0,1600.0,4100.0,8000.0,14000.0,26000.0,41000.0,57000.0,84000.0,13.0,170.0,54.0,150.0,190.0,670.0,800.0,1900.0,4300.0,6800.0,7800.0,13000.0,18000.0,36000.0,,,,,,,,,,,,1.0,,2.0,,2.0,30.0,35.0,98.0,430.0,1000.0,2500.0,3900.0,5800.0,12000.0,16000.0,16000.0,27000.0,0.005799999926239,0.109999999403954,0.087999999523163,0.170000001788139,0.200000002980232,0.620000004768372,0.870000004768372,2.0,3.59999990463257,5.59999990463257,13.0,20.0,22.0,32.0,0.014999999664724,0.018999999389052,0.023000000044704,0.027000000700355,0.028999999165535,0.052999999374151,0.093000002205372,0.189999997615814,0.360000014305115,0.620000004768372,1.10000002384186,1.70000004768372,2.5,3.90000009536743,,1106.0,1107.0,1217.0,1217.0,1222.0,1341.0,1650.0,1780.0,1960.0,2850.0,4200.0,5600.0,9400.0,91000.0,3.0,84000.0,36000.0,2.0,27000.0,32.0,3.90000009536743,9400.0,Portugal|Cars,Portugal • Cars
Portugal,Vans,,,,,,,,76.0,330.0,540.0,1900.0,2300.0,3300.0,4800.0,,,,,,,,,,,,,,,,,,,,,,,,,,7.0,9.0,9.0,,,,27.0,26.0,,,200.0,260.0,230.0,270.0,360.0,1000.0,2500.0,,,,,,,,,,,,,,,,,,,,,,,,,,7.0,2.0,,,,,0.150000005960464,0.100000001490116,,,0.560000002384186,0.670000016689301,0.620000004768372,0.990000009536743,1.29999995231628,4.30000019073486,8.60000038146973,,,,,,,,0.006899999920279,0.028999999165535,0.048000000417233,0.170000001788139,0.200000002980232,0.300000011920929,0.469999998807907,,1106.0,1107.0,1217.0,1217.0,1222.0,1341.0,1650.0,1780.0,1960.0,2850.0,4200.0,5600.0,9400.0,4800.0,0.0,9.0,2500.0,0.0,0.0,8.60000038146973,0.469999998807907,9400.0,Portugal|Vans,Portugal • Vans
Portugal,Buses,,,,,,,,23.0,33.0,50.0,60.0,100.0,250.0,570.0,,,,,,,,,,,,2.0,3.0,1.0,,,,,,,,,,10.0,10.0,12.0,12.0,16.0,,,,,,,,,10.0,17.0,10.0,44.0,76.0,360.0,,,,,,,,,,,,,,1.0,,,,,2.0,,,2.0,,10.0,,2.0,,,,,,,0.839999973773956,,,0.519999980926514,1.89999997615814,4.90000009536743,2.20000004768372,7.40000009536743,5.30000019073486,36.0,,,,,,,,0.159999996423721,0.230000004172325,0.409999996423721,0.490000009536743,0.810000002384186,1.70000004768372,3.59999990463257,,1106.0,1107.0,1217.0,1217.0,1222.0,1341.0,1650.0,1780.0,1960.0,2850.0,4200.0,5600.0,9400.0,570.0,1.0,16.0,360.0,1.0,0.0,36.0,3.59999990463257,9400.0,Portugal|Buses,Portugal • Buses
Rest of the world,Buses,180.0,120.0,120.0,,,,,45.0,160.0,360.0,650.0,1000.0,3100.0,3600.0,,,,,,,,,,,,3.0,3.0,3.90000009536743,,,,,,,,,40.0,39.0,42.0,43.0,47.0,46.0,,,,,,,,45.0,220.0,340.0,1200.0,920.0,2300.0,1000.0,,,,,,,,,,,,3.0,,1.0,,,,,,,,,40.0,,4.0,1.0,5.0,,,,,,,,,0.004600000102073,0.027000000700355,0.032999999821186,0.150000005960464,0.100000001490116,0.25,0.109999999403954,0.002300000051036,0.001500000013039,0.001399999950081,,,,,0.000440000003437,0.002000000094995,0.00400000018999,0.007000000216067,0.010999999940395,0.032000001519919,0.039000000804663,,,,,,,,,,,,,,,3600.0,3.90000009536743,46.0,1000.0,1.0,0.0,0.109999999403954,0.039000000804663,0.0,Rest of the world|Buses,Rest of the world • Buses
Rest of the world,Cars,,240.0,530.0,710.0,880.0,4900.0,5600.0,7300.0,8800.0,14000.0,25000.0,46000.0,93000.0,190000.0,,,,,,,,,,,4.0,4.0,5.0,5.0,,,68.0,88.0,490.0,1400.0,2100.0,2600.0,4900.0,7600.0,11000.0,16000.0,24000.0,49000.0,,42.0,380.0,190.0,150.0,3400.0,880.0,1900.0,1700.0,5200.0,12000.0,21000.0,48000.0,100000.0,,,,,,,,,,,4.0,,1.0,,,,68.0,21.0,400.0,900.0,700.0,570.0,2300.0,2800.0,3200.0,5900.0,7900.0,26000.0,,0.000319999991916,0.00359999993816,0.001700000022538,0.004300000146031,0.037999998778105,0.016000000759959,0.023000000044704,0.037000000476837,0.082000002264977,0.180000007152557,0.280000001192093,0.670000016689301,1.5,,0.000190000006114,0.000429999985499,0.00054999999702,0.00089999998454,0.00400000018999,0.004800000227988,0.006000000052154,0.008200000040233,0.013000000268221,0.020999999716878,0.035999998450279,0.068000003695488,0.140000000596046,,,,,,,,,,,,,,,190000.0,5.0,49000.0,100000.0,0.0,26000.0,1.5,0.140000000596046,0.0,Rest of the world|Cars,Rest of the world • Cars
Rest of the world,Vans,,,,,,21.0,39.0,71.0,130.0,310.0,490.0,1000.0,1800.0,2900.0,,,,,,,,,,,,,,1.0,,,,,,,,,,,,,,,,,,,,21.0,18.0,33.0,60.0,180.0,190.0,530.0,770.0,1100.0,,,,,,,,,,,,,,1.0,,,,,,,,,,,,,,,,,,,,,,,,,,,,,,,,,,,,,,,,,,,,,,,,,,,,,,,,,2900.0,1.0,0.0,1100.0,1.0,0.0,0.0,0.0,0.0,Rest of the world|Vans,Rest of the world • Vans
Rest of the world,Trucks,,,,,,,,,27.0,26.0,59.0,90.0,110.0,210.0,,,,,,,,,,,,,,1.0,,,,,,,,,,,,,,,,,,,,,,,27.0,,33.0,32.0,18.0,110.0,,,,,,,,,,,,,,1.0,,,,,,,,,,,,,,,,,,,,,,,,,,,,,,,,,,,,,,,,,,,,,,,,,,,,,,,,,210.0,1.0,0.0,110.0,1.0,0.0,0.0,0.0,0.0,Rest of the world|Trucks,Rest of the world • Trucks
Romania,Cars,,,,,,,,,,,,,,,,,,,,,,,,,,,,,,,,,,,,,,,,,,,,,,,,24.0,74.0,190.0,600.0,1500.0,2800.0,6300.0,12000.0,15000.0,,,,,,,,,,,,,,,,,,,,,,,,,1000.0,,,,,,,,,0.029999999329448,0.079999998211861,0.180000007152557,0.46000000834465,0.930000007152557,3.09999990463257,5.19999980926514,9.0,11.0,,,,,,,,,,,,,,,,,,,,,,,,,,,,,0.0,0.0,0.0,15000.0,0.0,0.0,11.0,0.0,0.0,Romania|Cars,Romania • Cars
Seychelles,Cars,,,,,,,,,,,,,,,,,,,,,,,,,,,,,,,,,,,,,,,,,,,,,,,,3.0,12.0,30.0,32.0,37.0,26.0,61.0,37.0,100.0,,,,,,,,,,,,,,,,,,,,,,,,,,,,,,,,,,0.150000005960464,0.629999995231628,2.0,2.29999995231628,2.59999990463257,3.29999995231628,4.19999980926514,1.70000004768372,5.0,,,,,,,,,,,,,,,,,,,,,,,,,,,,,0.0,0.0,0.0,100.0,0.0,0.0,5.0,0.0,0.0,Seychelles|Cars,Seychelles • Cars
Slovakia,Cars,,,,,,,,,,,,,,,,,,,,,,,,,,,,,,,,,,,,,,,,,,,,,,,,52.0,59.0,210.0,290.0,160.0,920.0,1100.0,1400.0,2300.0,,,,,,,,,,,,,,,,,,,,,,,,200.0,860.0,1200.0,1600.0,3000.0,,,,,,0.070000000298023,0.070000000298023,0.219999998807907,0.300000011920929,0.360000014305115,2.29999995231628,3.0,3.70000004768372,6.09999990463257,,,,,,,,,,,,,,,,,,,,,,,,,,,,,0.0,0.0,0.0,2300.0,0.0,3000.0,6.09999990463257,0.0,0.0,Slovakia|Cars,Slovakia • Cars
Slovenia,Cars,,,,,,,,,,,,,,,,,,,,,,,,,,,,,,,,,,,,,,,,,,,,,,,,,140.0,290.0,470.0,190.0,1600.0,1700.0,2300.0,4300.0,,,,,,,,,,,,,,,,,,,,,46.0,170.0,190.0,28.0,39.0,310.0,590.0,1000.0,,,,,,,0.319999992847443,0.639999985694885,0.910000026226044,0.28999999165535,3.09999990463257,3.79999995231628,6.19999980926514,11.0,,,,,,,,,,,,,,,,,,,,,,,,,,,,,0.0,0.0,0.0,4300.0,0.0,1000.0,11.0,0.0,0.0,Slovenia|Cars,Slovenia • Cars
South Africa,Cars,,,,34.0,48.0,160.0,260.0,330.0,400.0,560.0,640.0,860.0,1400.0,2200.0,,,,,,,,,,,,1.0,3.0,3.0,,,,,1.0,120.0,400.0,530.0,610.0,680.0,830.0,880.0,820.0,1300.0,,,,34.0,14.0,120.0,100.0,68.0,66.0,160.0,92.0,220.0,500.0,810.0,,,,,,,,,,,,1.0,2.0,,,,,,1.0,120.0,280.0,130.0,82.0,72.0,150.0,51.0,120.0,270.0,,,,0.007499999832362,0.003400000045076,0.05799999833107,0.100000001490116,0.052999999374151,0.041000001132488,0.064000003039837,0.097999997437,0.087999999523163,0.170000001788139,0.28999999165535,,,,0.000520000001416,0.000720000010915,0.004100000020117,0.009300000034273,0.012000000104308,0.014000000432134,0.016000000759959,0.018999999389052,0.023000000044704,0.028000000864267,0.043999999761582,,,,,,,,124.0,241.0,240.0,300.0,300.0,300.0,300.0,2200.0,3.0,1300.0,810.0,0.0,270.0,0.28999999165535,0.043999999761582,300.0,South Africa|Cars,South Africa • Cars
Spain,Cars,76.0,460.0,890.0,1700.0,3100.0,4400.0,6500.0,10000.0,16000.0,26000.0,45000.0,69000.0,96000.0,160000.0,,,,,,,,,1.0,2.0,9.0,19.0,23.0,27.0,,8.0,120.0,190.0,520.0,1300.0,2800.0,6300.0,12000.0,19000.0,43000.0,86000.0,130000.0,200000.0,76.0,390.0,430.0,810.0,1400.0,1300.0,2000.0,3900.0,6000.0,10000.0,18000.0,24000.0,33000.0,57000.0,,,,,,,,,1.0,1.0,7.0,10.0,4.0,4.0,,8.0,110.0,72.0,330.0,780.0,1500.0,3500.0,5600.0,7400.0,24000.0,43000.0,49000.0,65000.0,0.007699999958277,0.0489999987185,0.07599999755621,0.119999997317791,0.200000002980232,0.200000002980232,0.310000002384186,0.600000023841858,0.879999995231628,1.39999997615814,4.90000009536743,7.80000019073486,8.89999961853027,12.0,0.000339999998687,0.002099999925122,0.004499999806285,0.008600000292063,0.016000000759959,0.026000000536442,0.03999999910593,0.071000002324581,0.119999997317791,0.189999997615814,0.360000014305115,0.620000004768372,0.939999997615814,1.5,,,400.0,891.0,910.0,1640.0,3530.0,4900.0,5020.0,5500.0,8100.0,8200.0,12200.0,25600.0,160000.0,27.0,200000.0,57000.0,4.0,65000.0,12.0,1.5,25600.0,Spain|Cars,Spain • Cars
Spain,Vans,,,,,,1100.0,2100.0,3000.0,4800.0,6300.0,7900.0,10000.0,14000.0,24000.0,,,,,,,,,,,,,,,,,,,,,,,,8.0,8.0,46.0,200.0,210.0,,24.0,200.0,72.0,360.0,540.0,720.0,840.0,1800.0,1900.0,2000.0,2300.0,3500.0,10000.0,,,,,,,,,,,,,,,,,,,,,,,,,,46.0,94.0,5.0,,0.023000000044704,0.270000010728836,0.083999998867512,0.310000002384186,0.370000004768372,0.469999998807907,0.509999990463257,0.959999978542328,1.10000002384186,1.5,1.60000002384186,3.09999990463257,7.19999980926514,,,,,,0.024000000208616,0.061000000685454,0.083999998867512,0.129999995231628,0.170000001788139,0.209999993443489,0.270000010728836,0.370000004768372,0.680000007152557,,,400.0,891.0,910.0,1640.0,3530.0,4900.0,5020.0,5500.0,8100.0,8200.0,12200.0,25600.0,24000.0,0.0,210.0,10000.0,0.0,5.0,7.19999980926514,0.680000007152557,25600.0,Spain|Vans,Spain • Vans
Spain,Buses,,,,,,,,100.0,130.0,240.0,240.0,350.0,610.0,1200.0,,,,,,,,,,,,,6.0,19.0,,,,,,,,42.0,50.0,56.0,63.0,100.0,100.0,72.0,,,,,11.0,2.0,27.0,8.0,30.0,100.0,51.0,150.0,250.0,520.0,,,,,,,,,,,,,6.0,13.0,,,,,,,,5.0,8.0,6.0,7.0,16.0,1.0,29.0,,,,,0.409999996423721,0.059000000357628,0.649999976158142,0.300000011920929,0.910000026226044,2.70000004768372,2.0,6.09999990463257,9.19999980926514,13.0,,,,,,,,0.230000004172325,0.28999999165535,0.46000000834465,0.490000009536743,0.730000019073486,1.10000002384186,1.79999995231628,,,400.0,891.0,910.0,1640.0,3530.0,4900.0,5020.0,5500.0,8100.0,8200.0,12200.0,25600.0,1200.0,19.0,72.0,520.0,13.0,29.0,13.0,1.79999995231628,25600.0,Spain|Buses,Spain • Buses
Spain,Trucks,,,,,,,,,,5.0,13.0,29.0,200.0,700.0,,,,,,,,,,,,,,,,,,,,,,,,,,,,,,,,,,,13.0,2.0,,7.0,8.0,23.0,210.0,440.0,,,,,,,,,,,,,,,,,,,,,,,,,,,,,,,,,,,0.052000001072884,0.008100000210106,,0.028000000864267,0.041000001132488,0.109999999403954,0.889999985694885,1.5,,,,,,,,,,0.000850000011269,0.002199999988079,0.005100000184029,0.035999998450279,0.129999995231628,,,400.0,891.0,910.0,1640.0,3530.0,4900.0,5020.0,5500.0,8100.0,8200.0,12200.0,25600.0,700.0,0.0,0.0,440.0,0.0,0.0,1.5,0.129999995231628,25600.0,Spain|Trucks,Spain • Trucks
Sweden,Cars,4.0,180.0,600.0,1000.0,2200.0,4800.0,7500.0,11000.0,17000.0,30000.0,56000.0,110000.0,200000.0,290000.0,,,,3.0,3.0,4.0,7.0,21.0,21.0,42.0,47.0,63.0,65.0,48.0,,,650.0,1600.0,4900.0,9800.0,19000.0,32000.0,49000.0,67000.0,120000.0,190000.0,240000.0,270000.0,4.0,180.0,270.0,430.0,1200.0,3000.0,2900.0,4400.0,7100.0,16000.0,28000.0,57000.0,96000.0,110000.0,,,,3.0,,1.0,3.0,14.0,,2.0,5.0,16.0,2.0,2.0,,,660.0,1100.0,3400.0,5700.0,10000.0,16000.0,22000.0,25000.0,66000.0,78000.0,67000.0,61000.0,0.001300000003539,0.054000001400709,0.310000002384186,0.529999971389771,1.39999997615814,2.40000009536743,3.40000009536743,5.09999990463257,7.59999990463257,11.0,32.0,43.0,54.0,60.0,9.20000020414591e-05,0.004100000020117,0.028000000864267,0.05799999833107,0.150000005960464,0.310000002384186,0.550000011920929,0.889999985694885,1.29999995231628,2.0,3.59999990463257,6.0,8.69999980926514,11.0,,,,5.0,1000.0,1100.0,1700.0,4190.0,6500.0,9000.0,11200.0,13700.0,17600.0,34500.0,290000.0,48.0,270000.0,110000.0,2.0,61000.0,60.0,11.0,34500.0,Sweden|Cars,Sweden • Cars
Sweden,Vans,,9.0,370.0,550.0,830.0,1200.0,1600.0,1900.0,2700.0,3900.0,5900.0,8400.0,13000.0,21000.0,,,,,,,,,,,,,,,,,,,,7.0,7.0,7.0,16.0,4.0,880.0,160.0,420.0,430.0,,9.0,280.0,210.0,280.0,320.0,45.0,200.0,760.0,1400.0,2100.0,2600.0,5000.0,8700.0,,,,,,,,,,,,,,,,,,,,7.0,,,9.0,,,,,5.0,,0.018999999389052,0.699999988079071,0.550000011920929,0.660000026226044,0.72000002861023,0.083999998867512,0.340000003576279,1.29999995231628,2.5,6.09999990463257,6.80000019073486,13.0,19.0,,0.001900000032038,0.07599999755621,0.109999999403954,0.159999996423721,0.239999994635582,0.28999999165535,0.349999994039536,0.469999998807907,0.680000007152557,1.10000002384186,1.39999997615814,2.29999995231628,3.5,,,,5.0,1000.0,1100.0,1700.0,4190.0,6500.0,9000.0,11200.0,13700.0,17600.0,34500.0,21000.0,0.0,430.0,8700.0,0.0,5.0,19.0,3.5,34500.0,Sweden|Vans,Sweden • Vans
Sweden,Buses,,,6.0,8.0,11.0,20.0,42.0,54.0,90.0,190.0,350.0,530.0,920.0,1200.0,,,,,,,,,,,,2.0,2.0,10.0,,,,,,5.0,22.0,32.0,93.0,93.0,93.0,93.0,93.0,22.0,,,,,,9.0,33.0,12.0,36.0,98.0,160.0,180.0,210.0,310.0,,,,,,,,,,,,2.0,,8.0,,,,,,5.0,17.0,,,,,,,,,,,,,1.10000002384186,3.79999995231628,0.910000026226044,4.09999990463257,7.40000009536743,9.89999961853027,25.0,17.0,25.0,,,0.048000000417233,0.061000000685454,0.083999998867512,0.189999997615814,0.5,0.649999976158142,1.39999997615814,2.09999990463257,3.70000004768372,5.19999980926514,8.5,10.0,,,,5.0,1000.0,1100.0,1700.0,4190.0,6500.0,9000.0,11200.0,13700.0,17600.0,34500.0,1200.0,10.0,22.0,310.0,8.0,0.0,25.0,10.0,34500.0,Sweden|Buses,Sweden • Buses
Sweden,Trucks,,,,,,,,1.0,4.0,11.0,58.0,140.0,290.0,700.0,,,,,,,,,,,,,,,,,,,,,,,,,,,8.0,7.0,,,,,,,,,4.0,4.0,24.0,100.0,340.0,290.0,,,,,,,,,,,,,,,,,,,,,,,,,,,7.0,,,,,,,,,,0.046000000089407,0.043000001460314,0.349999994039536,1.29999995231628,4.30000019073486,3.40000009536743,,,,,,,,0.001200000056997,0.004900000058115,0.013000000268221,0.071000002324581,0.170000001788139,0.360000014305115,0.839999973773956,,,,5.0,1000.0,1100.0,1700.0,4190.0,6500.0,9000.0,11200.0,13700.0,17600.0,34500.0,700.0,0.0,7.0,290.0,0.0,0.0,3.40000009536743,0.839999973773956,34500.0,Sweden|Trucks,Sweden • Trucks
Switzerland,Cars,,400.0,740.0,1900.0,4600.0,7800.0,11000.0,16000.0,21000.0,34000.0,54000.0,86000.0,130000.0,180000.0,,,,,,10.0,36.0,37.0,59.0,84.0,84.0,140.0,210.0,240.0,,41.0,440.0,600.0,810.0,3200.0,5000.0,9000.0,14000.0,16000.0,30000.0,53000.0,71000.0,96000.0,,400.0,340.0,1200.0,2700.0,3300.0,3300.0,4800.0,5100.0,13000.0,20000.0,32000.0,40000.0,53000.0,,,,,,10.0,26.0,1.0,22.0,25.0,,56.0,72.0,27.0,,41.0,400.0,170.0,200.0,2400.0,2800.0,3600.0,4400.0,4300.0,14000.0,22000.0,19000.0,23000.0,,0.140000000596046,0.230000004172325,0.430000007152557,0.959999978542328,1.70000004768372,1.89999997615814,2.70000004768372,3.20000004768372,5.59999990463257,14.0,23.0,26.0,30.0,,0.009999999776483,0.028000000864267,0.05799999833107,0.119999997317791,0.25,0.360000014305115,0.540000021457672,0.769999980926514,1.10000002384186,1.79999995231628,2.90000009536743,4.19999980926514,5.80000019073486,,,404.0,627.0,1399.0,3660.0,3850.0,4080.0,5140.0,6320.0,7700.0,10100.0,12200.0,15800.0,180000.0,240.0,96000.0,53000.0,27.0,23000.0,30.0,5.80000019073486,15800.0,Switzerland|Cars,Switzerland • Cars
Switzerland,Vans,,,120.0,230.0,290.0,440.0,540.0,620.0,1000.0,1600.0,2400.0,3700.0,6500.0,10000.0,,,,,,,,,,,,,10.0,,,,,,,,,,,,9.0,180.0,190.0,190.0,,,120.0,110.0,52.0,160.0,85.0,220.0,300.0,580.0,780.0,1300.0,2400.0,3900.0,,,,,,,,,,,,,,,,,,,,,,,,,9.0,170.0,4.0,,,,0.379999995231628,0.379999995231628,0.180000007152557,0.509999990463257,0.280000001192093,0.670000016689301,0.899999976158142,1.60000002384186,2.79999995231628,3.90000009536743,9.60000038146973,13.0,,,0.03999999910593,0.071999996900559,0.08500000089407,0.129999995231628,0.150000005960464,0.170000001788139,0.259999990463257,0.409999996423721,0.579999983310699,0.920000016689301,1.60000002384186,2.29999995231628,,,404.0,627.0,1399.0,3660.0,3850.0,4080.0,5140.0,6320.0,7700.0,10100.0,12200.0,15800.0,10000.0,0.0,190.0,3900.0,0.0,0.0,13.0,2.29999995231628,15800.0,Switzerland|Vans,Switzerland • Vans
Switzerland,Buses,,,,,,,5.0,7.0,17.0,26.0,48.0,91.0,150.0,220.0,,,,,,,4.0,10.0,20.0,20.0,20.0,20.0,20.0,15.0,,,,,,11.0,14.0,35.0,35.0,35.0,35.0,35.0,35.0,35.0,,,,,,,5.0,2.0,18.0,10.0,22.0,55.0,110.0,770.0,,,,,,,5.0,,10.0,,,,,,,,,,,,,,,,,,1.0,,,,,,,,0.610000014305115,0.25,2.29999995231628,1.29999995231628,3.29999995231628,6.80000019073486,23.0,65.0,,,,,,0.129999995231628,0.219999998807907,0.490000009536743,0.589999973773956,0.680000007152557,1.0,1.39999997615814,2.0,2.5,,,404.0,627.0,1399.0,3660.0,3850.0,4080.0,5140.0,6320.0,7700.0,10100.0,12200.0,15800.0,220.0,15.0,35.0,770.0,0.0,0.0,65.0,2.5,15800.0,Switzerland|Buses,Switzerland • Buses
Switzerland,Trucks,,,,,,,,,,,,,360.0,680.0,,,,,,,,,,,,,,80.0,,,,,,,,,,,,,,,,,,,,,,,,36.0,38.0,50.0,180.0,380.0,,,,,,,,,,,20.0,60.0,,,,,,,,,,,,,,,,,,,,,,,,,,0.790000021457672,0.959999978542328,1.29999995231628,4.90000009536743,8.19999980926514,,,,,,,,,,,,,0.610000014305115,1.20000004768372,,,404.0,627.0,1399.0,3660.0,3850.0,4080.0,5140.0,6320.0,7700.0,10100.0,12200.0,15800.0,680.0,80.0,0.0,380.0,0.0,0.0,8.19999980926514,1.20000004768372,15800.0,Switzerland|Trucks,Switzerland • Trucks
Turkiye,Cars,,,,230.0,260.0,370.0,420.0,500.0,650.0,1300.0,2900.0,6800.0,14000.0,77000.0,,,,,,,,,,,,,,,,,,,,,210.0,240.0,280.0,540.0,1000.0,1800.0,2300.0,4900.0,,,92.0,,46.0,120.0,44.0,77.0,190.0,230.0,890.0,3000.0,7000.0,66000.0,,,,,,,,,,,,,,,,,,1.0,22.0,110.0,83.0,34.0,45.0,94.0,400.0,920.0,540.0,2700.0,,,0.016000000759959,0.000119999996969,0.012000000104308,0.030999999493361,0.013000000268221,0.010999999940395,0.043999999761582,0.06700000166893,0.170000001788139,0.550000011920929,1.10000002384186,10.0,,,,0.002499999944121,0.002700000070035,0.003800000064075,0.006000000052154,0.006599999964237,0.008200000040233,0.016000000759959,0.032999999821186,0.068999998271465,0.129999995231628,0.629999995231628,,,,1.0,1.0,7.0,18.0,76.0,76.0,180.0,1320.0,1980.0,1980.0,7800.0,77000.0,0.0,4900.0,66000.0,0.0,2700.0,10.0,0.629999995231628,7800.0,Turkiye|Cars,Turkiye • Cars
United Arab Emirates,Cars,,,,,,,,,,,,,,,,,,,,,,,,,,,,,,,,,,,,,,,,,,,,,,,,,,,59.0,33.0,630.0,2100.0,15000.0,23000.0,,,,,,,,,,,,,,,,,,,,,,,60.0,61.0,61.0,2000.0,3900.0,5900.0,,,,,,,,,0.025000000372529,0.026000000536442,0.529999971389771,2.59999990463257,11.0,13.0,,,,,,,,,,,,,,,,,,,,,,,,,,,,,0.0,0.0,0.0,23000.0,0.0,5900.0,13.0,0.0,0.0,United Arab Emirates|Cars,United Arab Emirates • Cars
United Kingdom,Vans,3700.0,3600.0,3700.0,3600.0,4100.0,4600.0,5300.0,6300.0,7500.0,10000.0,16000.0,28000.0,39000.0,68000.0,4.0,4.0,4.0,4.0,4.0,4.0,3.0,4.0,3.0,4.0,4.0,5.0,5.0,,,,,,4.0,100.0,180.0,220.0,410.0,590.0,1100.0,2300.0,2700.0,2900.0,230.0,220.0,410.0,290.0,790.0,960.0,1000.0,1300.0,1500.0,3500.0,5700.0,12000.0,17000.0,22000.0,,,,,,,,,,,,,,,,,,,4.0,98.0,78.0,94.0,150.0,210.0,560.0,1200.0,410.0,110.0,0.100000001490116,0.08500000089407,0.170000001788139,0.109999999403954,0.25,0.280000001192093,0.28999999165535,0.370000004768372,0.449999988079071,0.97000002861023,2.09999990463257,3.79999995231628,6.19999980926514,6.5,0.109999999403954,0.098999999463558,0.100000001490116,0.097000002861023,0.109999999403954,0.119999997317791,0.129999995231628,0.150000005960464,0.180000007152557,0.239999994635582,0.319999992847443,0.560000002384186,0.779999971389771,1.29999995231628,,1500.0,2836.0,5660.0,7720.0,9300.0,12800.0,15200.0,17700.0,16800.0,20900.0,28200.0,36900.0,53000.0,68000.0,0.0,2900.0,22000.0,0.0,110.0,6.5,1.29999995231628,53000.0,United Kingdom|Vans,United Kingdom • Vans
United Kingdom,Trucks,940.0,860.0,700.0,570.0,500.0,410.0,400.0,350.0,320.0,340.0,320.0,450.0,950.0,2300.0,,,,,,,,,,,,,,,,,,,,,,,,,,,,,9.0,5.0,6.0,,8.0,3.0,8.0,4.0,12.0,20.0,16.0,140.0,510.0,1400.0,,,,,,,,,,,,,,,,,,,,,,,,,,,,,0.025000000372529,0.012000000104308,0.014000000432134,,0.020999999716878,0.006000000052154,0.014999999664724,0.007699999958277,0.024000000208616,0.035999998450279,0.032999999821186,0.340000003576279,1.10000002384186,2.70000004768372,0.189999997615814,0.150000005960464,0.129999995231628,0.100000001490116,0.087999999523163,0.070000000298023,0.065999999642372,0.05799999833107,0.054000001400709,0.054999999701977,0.043999999761582,0.061000000685454,0.129999995231628,0.310000002384186,,1500.0,2836.0,5660.0,7720.0,9300.0,12800.0,15200.0,17700.0,16800.0,20900.0,28200.0,36900.0,53000.0,2300.0,0.0,0.0,1400.0,0.0,0.0,2.70000004768372,0.310000002384186,53000.0,United Kingdom|Trucks,United Kingdom • Trucks
United Kingdom,Cars,1500.0,2600.0,4100.0,6200.0,12000.0,21000.0,30000.0,42000.0,56000.0,91000.0,190000.0,380000.0,550000.0,980000.0,,,,,,,,34.0,70.0,170.0,230.0,240.0,190.0,260.0,21.0,28.0,990.0,2000.0,9700.0,27000.0,55000.0,87000.0,130000.0,160000.0,220000.0,330000.0,400000.0,600000.0,240.0,1200.0,1600.0,2600.0,6700.0,10000.0,10000.0,14000.0,16000.0,38000.0,110000.0,190000.0,270000.0,310000.0,,,,,,11.0,10.0,34.0,36.0,68.0,57.0,12.0,7.0,25.0,21.0,7.0,970.0,1100.0,7800.0,19000.0,29000.0,35000.0,46000.0,37000.0,68000.0,120000.0,100000.0,140000.0,0.013000000268221,0.061999998986721,0.129999995231628,0.159999996423721,0.589999973773956,1.10000002384186,1.39999997615814,1.89999997615814,2.59999990463257,3.29999995231628,11.0,19.0,23.0,24.0,0.005299999844283,0.00899999961257,0.017000000923872,0.027000000700355,0.071999996900559,0.159999996423721,0.270000010728836,0.400000005960465,0.569999992847443,0.759999990463257,1.29999995231628,2.09999990463257,2.90000009536743,5.0,,1500.0,2836.0,5660.0,7720.0,9300.0,12800.0,15200.0,17700.0,16800.0,20900.0,28200.0,36900.0,53000.0,980000.0,260.0,600000.0,310000.0,25.0,140000.0,24.0,5.0,53000.0,United Kingdom|Cars,United Kingdom • Cars
United Kingdom,Buses,80.0,88.0,100.0,120.0,170.0,200.0,260.0,300.0,400.0,510.0,820.0,1400.0,1800.0,3000.0,,,,,,,,,10.0,,,,37.0,180.0,,,,,,,140.0,150.0,220.0,220.0,220.0,220.0,220.0,220.0,4.0,2.0,14.0,23.0,47.0,24.0,59.0,39.0,89.0,120.0,300.0,540.0,440.0,1300.0,,,,,,,20.0,5.0,10.0,,18.0,15.0,65.0,43.0,,,,,,,140.0,18.0,65.0,,,,,,0.041999999433756,0.026000000536442,0.150000005960464,0.259999990463257,0.540000021457672,0.140000000596046,1.20000004768372,0.469999998807907,1.0,1.39999997615814,11.0,8.69999980926514,6.5,17.0,0.071999996900559,0.079999998211861,0.090999998152256,0.109999999403954,0.150000005960464,0.170000001788139,0.349999994039536,0.409999996423721,0.560000002384186,0.660000026226044,0.959999978542328,2.0,2.70000004768372,4.5,,1500.0,2836.0,5660.0,7720.0,9300.0,12800.0,15200.0,17700.0,16800.0,20900.0,28200.0,36900.0,53000.0,3000.0,180.0,220.0,1300.0,43.0,0.0,17.0,4.5,53000.0,United Kingdom|Buses,United Kingdom • Buses
USA,Cars,3800.0,14000.0,28000.0,76000.0,140000.0,210000.0,300000.0,400000.0,640000.0,880000.0,1100000.0,1500000.0,2100000.0,3500000.0,,,,,55.0,160.0,1200.0,3500.0,6200.0,8200.0,9200.0,12000.0,15000.0,18000.0,,8000.0,47000.0,96000.0,150000.0,190000.0,270000.0,360000.0,480000.0,570000.0,640000.0,720000.0,910000.0,1300000.0,1200.0,9800.0,15000.0,48000.0,63000.0,71000.0,87000.0,100000.0,240000.0,240000.0,230000.0,470000.0,800000.0,1100000.0,,,,,55.0,100.0,1100.0,2300.0,2700.0,2000.0,1200.0,3100.0,2700.0,3000.0,,8000.0,39000.0,49000.0,55000.0,43000.0,73000.0,94000.0,120000.0,85000.0,64000.0,160000.0,190000.0,290000.0,0.012000000104308,0.150000005960464,0.419999986886978,0.709999978542328,0.769999980926514,0.699999988079071,0.990000009536743,1.29999995231628,2.29999995231628,2.09999990463257,2.29999995231628,4.69999980926514,7.40000009536743,9.5,0.001700000022538,0.009899999946356,0.034000001847744,0.078000001609325,0.140000000596046,0.189999997615814,0.259999990463257,0.330000013113022,0.479999989271164,0.620000004768372,0.769999980926514,0.949999988079071,1.29999995231628,2.09999990463257,480.0,3900.0,12000.0,15000.0,20000.0,31500.0,38100.0,43400.0,54200.0,77000.0,99000.0,114000.0,128000.0,183000.0,3500000.0,18000.0,1300000.0,1100000.0,3000.0,290000.0,9.5,2.09999990463257,183000.0,USA|Cars,USA • Cars
USA,Buses,,190.0,200.0,210.0,230.0,310.0,820.0,1000.0,1600.0,2200.0,2700.0,3800.0,6100.0,6900.0,,,,,,24.0,21.0,26.0,32.0,42.0,64.0,79.0,220.0,220.0,,,,,,550.0,550.0,550.0,550.0,550.0,550.0,550.0,550.0,550.0,,190.0,6.5,8.69999980926514,26.0,81.0,500.0,190.0,620.0,560.0,520.0,1100.0,2400.0,750.0,,,,,,,,,,,22.0,15.0,140.0,,,,,,,550.0,,,,,,,,,,0.239999994635582,0.002799999900162,0.003400000045076,0.019999999552965,0.439999997615814,0.180000007152557,0.109999999403954,0.370000004768372,0.560000002384186,0.28999999165535,1.20000004768372,2.70000004768372,0.769999980926514,,0.028999999165535,0.026000000536442,0.024000000208616,0.027000000700355,0.097000002861023,0.140000000596046,0.159999996423721,0.219999998807907,0.310000002384186,0.340000003576279,0.46000000834465,0.769999980926514,0.920000016689301,480.0,3900.0,12000.0,15000.0,20000.0,31500.0,38100.0,43400.0,54200.0,77000.0,99000.0,114000.0,128000.0,183000.0,6900.0,220.0,550.0,750.0,0.0,0.0,0.769999980926514,0.920000016689301,183000.0,USA|Buses,USA • Buses
